sample_id,distortion,level_index,level,distorted_snr_db,restored_snr_db,orb_distorted,orb_restored,canny_distorted,canny_restored,seg_distorted_image_miou,seg_restored_image_miou,detections_distorted,detections_restored
frankfurt_000000_009688,GaussNoise,0,5.0,25.347896213290888,22.9872836026706,0.9075,0.31375,0.966205176713389,0.40173202056614477,0.48349956847223635,0.4301388035006357,76,70
frankfurt_000000_011074,GaussNoise,0,5.0,26.454960911024603,22.626196389710742,0.91,0.4,0.9822560452968847,0.5860548256534007,0.46001163474310713,0.3500482823618123,110,96
frankfurt_000000_012868,GaussNoise,0,5.0,26.883063649546514,20.678228348978145,0.92375,0.4725,0.9689917205038409,0.6851458782178607,0.4623760529627246,0.3402306606607003,238,220
frankfurt_000000_016005,GaussNoise,0,5.0,25.655960657359334,21.626491002684425,0.89875,0.37375,0.9772859938710924,0.5901847168204343,0.35287311179235226,0.3199403703170133,89,117
frankfurt_000000_020321,GaussNoise,0,5.0,25.79486085987995,20.660052988997517,0.925,0.36,0.9699487123857016,0.5350523998524737,0.48363989320526846,0.4568039265196273,176,137
frankfurt_000000_022254,GaussNoise,0,5.0,24.25641319840401,21.329119002293485,0.91125,0.3625,0.9667047497593165,0.45531886913686553,0.5113948717604633,0.5032219381033,197,179
frankfurt_000001_010830,GaussNoise,0,5.0,25.31771627644825,19.427189565679342,0.92625,0.5475,0.9820474135622516,0.6803946954828792,0.5024764311880094,0.4294790863334685,218,207
frankfurt_000001_021406,GaussNoise,0,5.0,25.09499875424103,20.612392590157057,0.91,0.3525,0.9822579202032976,0.4899225591078276,0.571263152083554,0.40803321816916743,62,73
frankfurt_000001_046779,GaussNoise,0,5.0,25.722320354376276,20.275278357659925,0.92625,0.46375,0.9736223931810234,0.6257095364663096,0.3583162649618152,0.33603412088562556,235,211
frankfurt_000001_054640,GaussNoise,0,5.0,27.084045303003577,21.121222713391532,0.89625,0.315,0.980603752966146,0.6102224936265891,0.49590115956271624,0.4596213460699422,222,197
frankfurt_000001_058504,GaussNoise,0,5.0,25.520441297364236,21.11865288726897,0.91625,0.37625,0.9740173337767218,0.6096135006326772,0.5019946610871981,0.5357486880951255,176,175
frankfurt_000001_062250,GaussNoise,0,5.0,24.770002850020433,22.415194361475734,0.8925,0.29,0.9566716865098726,0.5621814125637776,0.37942354392816136,0.3320876139603425,114,131
frankfurt_000001_064651,GaussNoise,0,5.0,26.750229837758344,21.534716551652554,0.92625,0.36,0.9716243329720233,0.5847433231253459,0.4769789996303858,0.47862857987041235,188,175
frankfurt_000001_080091,GaussNoise,0,5.0,26.46801061408356,20.707738098596028,0.9025,0.3825,0.9824452971542887,0.605520839854359,0.46867852188838677,0.40210059372892676,257,249
lindau_000007_000019,GaussNoise,0,5.0,24.590704000129584,23.606322514334398,0.91125,0.41875,0.9741348930508078,0.5619518717034979,0.41856624366667283,0.39897375609101576,125,146
lindau_000031_000019,GaussNoise,0,5.0,23.60364864484156,20.884308013429752,0.92875,0.3575,0.9775622524139033,0.5679743440907415,0.44023944203433396,0.33679966004953493,161,142
munster_000007_000019,GaussNoise,0,5.0,24.609319072187535,21.996799016699295,0.92375,0.4025,0.9843215146008537,0.6747290104059561,0.5180848346616157,0.3859509492952144,152,145
munster_000094_000019,GaussNoise,0,5.0,23.492003802132363,18.795801430513585,0.9325,0.3825,0.982494104836849,0.6014919136429183,0.43289813681414485,0.43023965615065146,249,238
munster_000139_000019,GaussNoise,0,5.0,25.526672268127292,20.413444520435032,0.91625,0.36625,0.9791607626714856,0.6214734067285391,0.5640928059656226,0.5301798287696907,272,283
munster_000159_000019,GaussNoise,0,5.0,26.441798114216702,25.658251339349853,0.90125,0.3925,0.9927993336768447,0.8150726038630236,0.512348825645213,0.4151619879861623,47,65
frankfurt_000000_009688,GaussNoise,1,10.0,19.37315004294461,22.96739185911459,0.845,0.3275,0.9247728274662259,0.3911438329201732,0.47863673281119806,0.4279651941957839,70,71
frankfurt_000000_011074,GaussNoise,1,10.0,20.506228786489093,22.599986457245357,0.875,0.39,0.9437267637730378,0.6025233190418702,0.452011826722636,0.35789736375466524,149,104
frankfurt_000000_012868,GaussNoise,1,10.0,20.961651448954818,20.62315740769146,0.86875,0.485,0.9657617407802725,0.6863649961037455,0.44245895988811046,0.34833511426173586,248,225
frankfurt_000000_016005,GaussNoise,1,10.0,19.705275266770034,21.623525793402905,0.85625,0.36875,0.9534226500221628,0.5863754853472763,0.3546013372646954,0.31730698344088076,125,117
frankfurt_000000_020321,GaussNoise,1,10.0,19.82598299815191,20.626376943834472,0.87125,0.365,0.952079117432218,0.5371389110955552,0.4847557824873262,0.45515172152269723,149,142
frankfurt_000000_022254,GaussNoise,1,10.0,18.280665513246678,21.32375157213607,0.835,0.34125,0.9267993634400638,0.45391616174501154,0.5001975345992349,0.5006201000893423,198,174
frankfurt_000001_010830,GaussNoise,1,10.0,19.3910599757296,19.405606522049574,0.88875,0.54,0.9644543079908784,0.6841993469500798,0.5066625448588188,0.41939972444674806,224,205
frankfurt_000001_021406,GaussNoise,1,10.0,19.136425052771287,20.603756088057796,0.86,0.35625,0.9581283023458714,0.4855782240635411,0.5804913577002625,0.3997894693344737,59,75
frankfurt_000001_046779,GaussNoise,1,10.0,19.848755133392075,20.243063231140926,0.86375,0.48375,0.955355747802317,0.6325720498708987,0.3611027178394795,0.32479786142869244,240,215
frankfurt_000001_054640,GaussNoise,1,10.0,21.139817166886022,21.056834821241775,0.81375,0.335,0.9640840254307411,0.6062038924111041,0.5184385568358294,0.4678909350266249,233,196
frankfurt_000001_058504,GaussNoise,1,10.0,19.60247507184212,21.076875621232404,0.87875,0.3875,0.959222995208114,0.6111191844476863,0.5556338944105859,0.53578373927993,185,179
frankfurt_000001_062250,GaussNoise,1,10.0,18.80163056039364,22.355097331271185,0.775,0.265,0.9123348805679261,0.5613781877143453,0.35963546845826133,0.33238776372607315,157,139
frankfurt_000001_064651,GaussNoise,1,10.0,20.79620229154413,21.449064773527088,0.8575,0.35625,0.9602313567311102,0.571634208306141,0.48254791628335225,0.39796419461897886,182,178
frankfurt_000001_080091,GaussNoise,1,10.0,20.520954857311054,20.692053283161794,0.86,0.38,0.9601231373719531,0.6018591928034721,0.4565545144460265,0.36827929155357514,257,250
lindau_000007_000019,GaussNoise,1,10.0,18.63817460951229,23.56477092807293,0.8625,0.43375,0.9501127265981204,0.5509935723042196,0.4657285598461262,0.395962828292888,127,146
lindau_000031_000019,GaussNoise,1,10.0,17.652006487077763,20.823003016826505,0.86875,0.34875,0.9647444355381861,0.5621721163485388,0.4846292866490353,0.36272726326129073,142,142
munster_000007_000019,GaussNoise,1,10.0,18.642542939667482,21.933228900752127,0.865,0.4,0.957842165340963,0.6715002384347899,0.5347093790305363,0.3670071338445377,156,155
munster_000094_000019,GaussNoise,1,10.0,17.52632747927325,18.78134444633649,0.8875,0.39625,0.9653086047170644,0.6009042165790505,0.43831987224115343,0.433554889485434,254,237
munster_000139_000019,GaussNoise,1,10.0,19.579172832886677,20.40464090220223,0.86375,0.36,0.9672513045786779,0.6240346506831715,0.5613989926734465,0.5307004336874439,277,282
munster_000159_000019,GaussNoise,1,10.0,20.482721736951564,25.46165167027035,0.8025,0.3675,0.9770811800858514,0.8135106471777797,0.5302300002841932,0.4101812592675528,54,64
frankfurt_000000_009688,GaussNoise,2,20.0,13.391013435315555,22.793343457765115,0.725,0.33625,0.8475996487348547,0.41435148483191503,0.47234017503673387,0.4220454468840913,67,80
frankfurt_000000_011074,GaussNoise,2,20.0,14.635263187619351,22.411075847732093,0.73375,0.3825,0.9027464066476775,0.5979230977190121,0.43621294479477674,0.3621274765467473,165,106
frankfurt_000000_012868,GaussNoise,2,20.0,15.156392407363171,20.4042337189628,0.76,0.47625,0.9375536308145591,0.6726287437441256,0.3423216228065837,0.3475084234158564,262,223
frankfurt_000000_016005,GaussNoise,2,20.0,13.856523557971578,21.530766868305214,0.71375,0.38125,0.8991256784077617,0.6075662041114507,0.3428890798335825,0.292249455749327,166,105
frankfurt_000000_020321,GaussNoise,2,20.0,13.901778281242718,20.481729151105004,0.77875,0.355,0.9112738144634304,0.5267250450011739,0.43069181697690223,0.454089686536885,190,156
frankfurt_000000_022254,GaussNoise,2,20.0,12.351388257231164,21.1502316186389,0.72375,0.33375,0.8884561058240044,0.4695872342003109,0.4828198457155551,0.485296597065552,232,184
frankfurt_000001_010830,GaussNoise,2,20.0,13.59781372094554,19.291860045779426,0.8375,0.54875,0.9376034548121189,0.6852942711202873,0.5468190521045858,0.414137214098616,247,211
frankfurt_000001_021406,GaussNoise,2,20.0,13.269289208940807,20.47669388008969,0.73375,0.36,0.9235408929207938,0.4774537199994566,0.5750301623431897,0.4359681290484785,92,80
frankfurt_000001_046779,GaussNoise,2,20.0,14.112006260573928,20.09590968257063,0.7625,0.46,0.908954318043348,0.6470859734702337,0.3944625293506696,0.3217185882612548,259,208
frankfurt_000001_054640,GaussNoise,2,20.0,15.286323219506334,20.816710123375056,0.705,0.32125,0.927811191264903,0.6082739281079923,0.4546711791537678,0.434343108368134,254,205
frankfurt_000001_058504,GaussNoise,2,20.0,13.816594038003185,20.801043903126594,0.77,0.3925,0.9024072670263388,0.6124016382154832,0.49823556998151675,0.534728827277267,231,180
frankfurt_000001_062250,GaussNoise,2,20.0,12.849813008627624,22.050738839122936,0.63375,0.25875,0.8444974238142102,0.5829741309016531,0.34629698198995407,0.32225101242529985,228,132
frankfurt_000001_064651,GaussNoise,2,20.0,14.923588363458112,21.149528525630185,0.7475,0.3725,0.9254529532388562,0.5767101414809647,0.47632878638858483,0.47689225455645,191,174
frankfurt_000001_080091,GaussNoise,2,20.0,14.630455326753717,20.58015720820117,0.71375,0.36625,0.9371866404616377,0.6083175530192224,0.47508640956792414,0.34850222238618195,257,255
lindau_000007_000019,GaussNoise,2,20.0,12.78478600156815,23.221281417498524,0.71375,0.4175,0.8758351509356141,0.6122490641169217,0.47211745799801264,0.39807562491042703,122,136
lindau_000031_000019,GaussNoise,2,20.0,11.793868248656615,20.50088704456512,0.75375,0.34875,0.9294780320913637,0.5554129693948673,0.3895503796717342,0.38860467434199225,126,144
munster_000007_000019,GaussNoise,2,20.0,12.756035590149757,21.572620910751468,0.78125,0.4175,0.9226762070110079,0.6730916375219949,0.5233935052092257,0.407727599543172,190,153
munster_000094_000019,GaussNoise,2,20.0,11.663189845371907,18.653481657826585,0.79125,0.39,0.9339068738497036,0.6142005292211897,0.4278505302620229,0.4470789859622447,261,238
munster_000139_000019,GaussNoise,2,20.0,13.720265135103284,20.245196938107544,0.73625,0.3525,0.9160331529647541,0.6370440396906738,0.49118217136596143,0.5018636084166762,283,288
munster_000159_000019,GaussNoise,2,20.0,14.57450859118985,24.482998757114483,0.67375,0.3675,0.9555291786840069,0.8210800033446273,0.46546109909591815,0.39654567259678536,71,72
frankfurt_000000_009688,GaussNoise,3,35.0,8.704087424857867,21.864305813920353,0.58625,0.355,0.751559146133752,0.39035242422288874,0.4461856602926524,0.4136057991125989,41,86
frankfurt_000000_011074,GaussNoise,3,35.0,10.077519915349223,21.58686124353055,0.58375,0.335,0.8390305231074776,0.5862499930706705,0.39204676863566357,0.38071191283136246,170,128
frankfurt_000000_012868,GaussNoise,3,35.0,10.696238412606448,19.663650377256484,0.62625,0.43875,0.8848367500081539,0.6804175336924718,0.3098590597558421,0.322815273191513,283,248
frankfurt_000000_016005,GaussNoise,3,35.0,9.357994769678863,20.778327027467867,0.545,0.355,0.8292779158717647,0.6325110707050151,0.2993000377585853,0.3056855149612579,176,114
frankfurt_000000_020321,GaussNoise,3,35.0,9.360603772573032,19.776309236456015,0.59875,0.35625,0.8485314698059012,0.561709910808812,0.3695082224396921,0.42550351259596675,169,167
frankfurt_000000_022254,GaussNoise,3,35.0,7.81736071352317,20.160610783935702,0.52875,0.3225,0.8364787563469248,0.46047190463327103,0.4152686701279964,0.4326460709388589,192,184
frankfurt_000001_010830,GaussNoise,3,35.0,9.148360950643845,18.70297730653576,0.7225,0.5275,0.8920714752396041,0.7077069357031216,0.48992887829798865,0.3375686837568658,271,219
frankfurt_000001_021406,GaussNoise,3,35.0,8.737911742139858,19.802721547730723,0.59375,0.34,0.871961550867202,0.5079815791706077,0.5294930899332816,0.46831023041397696,106,83
frankfurt_000001_046779,GaussNoise,3,35.0,9.598866035644427,19.372533396912267,0.605,0.3775,0.8615564206990088,0.6603921277817125,0.34873744812967844,0.29526483602181763,268,226
frankfurt_000001_054640,GaussNoise,3,35.0,10.812152036374705,20.014106861152307,0.54875,0.30875,0.8843322249056447,0.596844832885334,0.3654743223505672,0.42931816761765523,254,225
frankfurt_000001_058504,GaussNoise,3,35.0,9.416256048330453,19.772401889473702,0.63125,0.3625,0.8478448081765354,0.630438090551272,0.5514445655846669,0.42627141246843897,265,210
frankfurt_000001_062250,GaussNoise,3,35.0,8.262310243084428,20.605180263410723,0.4175,0.2625,0.7118209266169108,0.6154615439034273,0.2874558916762799,0.2748589390172915,24,178
frankfurt_000001_064651,GaussNoise,3,35.0,10.363846287610157,20.154335639178864,0.595,0.325,0.8490181904176598,0.5925846318301766,0.512600236201572,0.37245763509762003,272,204
frankfurt_000001_080091,GaussNoise,3,35.0,10.02374505721544,19.959910264500152,0.5875,0.3525,0.9073010984510324,0.628267710926679,0.38714369369074586,0.34349122951472183,276,255
lindau_000007_000019,GaussNoise,3,35.0,8.297587057280078,21.712045941919264,0.5725,0.4,0.8356743060787385,0.6264914165332355,0.43584026093764633,0.4014528211510159,181,159
lindau_000031_000019,GaussNoise,3,35.0,7.341346868770453,19.27443523855166,0.57375,0.3075,0.8685752528397099,0.5531709267837505,0.34562389409547284,0.34669626317540775,57,137
munster_000007_000019,GaussNoise,3,35.0,8.240594881298648,20.229024445196224,0.65375,0.365,0.8709191730013587,0.6840746147891917,0.4423213351157812,0.40125405637795236,160,178
munster_000094_000019,GaussNoise,3,35.0,7.233112173351838,17.964508383351404,0.66,0.4325,0.8908249016486424,0.6539822616326033,0.40025686980843045,0.433065307698399,197,248
munster_000139_000019,GaussNoise,3,35.0,9.194485533392907,19.571662932736043,0.5675,0.32125,0.871555732578218,0.6155301394164739,0.4530194271423084,0.4223627050111401,173,284
munster_000159_000019,GaussNoise,3,35.0,10.095829237675975,22.10657762194881,0.5075,0.33875,0.9285973135228822,0.8215137129229221,0.3207295427240467,0.38482539819272055,43,87
frankfurt_000000_009688,GaussNoise,4,50.0,5.908226400515372,19.7037287654459,0.44125,0.28875,0.6829658553287877,0.4498403907672645,0.5240873662411105,0.4526770107832045,19,63
frankfurt_000000_011074,GaussNoise,4,50.0,7.311471089739515,18.737652321398674,0.4575,0.3125,0.7385862553318229,0.6021519535344605,0.3555977065066878,0.4123320705596959,173,77
frankfurt_000000_012868,GaussNoise,4,50.0,7.9782272390879525,17.2819161713837,0.47,0.38875,0.8420032446806804,0.6863341220497988,0.26641179570771095,0.3209713598196589,273,244
frankfurt_000000_016005,GaussNoise,4,50.0,6.658108039515302,17.935723401553187,0.43,0.2975,0.790936089906792,0.6698875947514088,0.28847731083449757,0.2790410863605421,104,146
frankfurt_000000_020321,GaussNoise,4,50.0,6.678447497073013,17.73991384355652,0.46875,0.29875,0.7765971740124741,0.5754079886392376,0.35502548843851306,0.37937725446732606,28,215
frankfurt_000000_022254,GaussNoise,4,50.0,5.123702263589487,17.435241445897002,0.41125,0.29625,0.778800211256927,0.535680501033331,0.37185863331901464,0.39044943327607384,102,208
frankfurt_000001_010830,GaussNoise,4,50.0,6.486933116661274,16.01388590152619,0.62,0.46875,0.8424863446511935,0.731594047562374,0.4393239720250534,0.3333834032564905,234,235
frankfurt_000001_021406,GaussNoise,4,50.0,6.016962220893739,17.348852005174503,0.45375,0.31125,0.8346448250744356,0.5193040908182085,0.5057752358793316,0.4918568351419161,130,76
frankfurt_000001_046779,GaussNoise,4,50.0,6.79711956702268,16.29368490816923,0.47625,0.35,0.8065801597124813,0.6943036117899745,0.32329930988212185,0.29974890754220385,279,255
frankfurt_000001_054640,GaussNoise,4,50.0,8.104997659860803,17.952171306526992,0.47125,0.31,0.8483774524549966,0.6447512030544661,0.39852182659498075,0.4070618182362955,201,246
frankfurt_000001_058504,GaussNoise,4,50.0,6.7521905858520235,16.720409407309393,0.48125,0.29875,0.7821620447875605,0.6248251349422712,0.43987398239633,0.3846682923525637,206,246
frankfurt_000001_062250,GaussNoise,4,50.0,5.588015926034505,17.81929391319545,0.26375,0.19625,0.6088859299484446,0.6227047074259389,0.2783718149256472,0.2552645201377486,24,149
frankfurt_000001_064651,GaussNoise,4,50.0,7.6400810451322,17.926878274681965,0.48375,0.27375,0.7999692071514999,0.6079749148136201,0.4683339546209514,0.48330723192161484,217,226
frankfurt_000001_080091,GaussNoise,4,50.0,7.263002879247065,17.926397017885186,0.495,0.32375,0.8723543691364846,0.657211412823985,0.36349198670028926,0.4216714295917119,227,246
lindau_000007_000019,GaussNoise,4,50.0,5.654758543858489,17.769060596899948,0.39125,0.34125,0.8024826920134744,0.6963314402407292,0.41148576080548527,0.393426417626456,96,137
lindau_000031_000019,GaussNoise,4,50.0,4.69072978348478,16.09178303312023,0.44125,0.27125,0.8246294116473692,0.6237378176992342,0.2748506220200961,0.3303228070707597,24,131
munster_000007_000019,GaussNoise,4,50.0,5.568979300619784,17.202300415999762,0.52,0.365,0.8144298540733161,0.7505396291250056,0.30660215719569056,0.36050023525456165,63,201
munster_000094_000019,GaussNoise,4,50.0,4.619959825248686,15.443262183898312,0.51,0.33625,0.8449313684910416,0.698723780257993,0.36867897923466736,0.3776218924686946,102,246
munster_000139_000019,GaussNoise,4,50.0,6.469689600127926,17.145295641057178,0.4425,0.28875,0.8332261483544828,0.6561651319299402,0.38714716241427477,0.3731847017274648,38,271
munster_000159_000019,GaussNoise,4,50.0,7.423879716396983,18.88713140941015,0.36125,0.28,0.8965618528958339,0.8472789736363722,0.24071008999736138,0.3166422163216453,34,58
frankfurt_000000_009688,SevereJPEG,0,80.0,32.7843349804403,29.25767747341334,0.91875,0.8,0.9706434844589338,0.7541639892957068,0.4816135040010039,0.4693306817299533,68,69
frankfurt_000000_011074,SevereJPEG,0,80.0,32.30423122687639,29.466824994269896,0.90125,0.82,0.9867785474988682,0.8383538681594463,0.46222837248292253,0.451722283628534,102,109
frankfurt_000000_012868,SevereJPEG,0,80.0,30.664523971316036,27.15067159848558,0.9025,0.81375,0.9866223914203047,0.899150290010639,0.47418633494825674,0.46273622535840303,236,234
frankfurt_000000_016005,SevereJPEG,0,80.0,31.380915659768757,27.831334922758685,0.90875,0.79125,0.9806056051439567,0.8302914634863483,0.35645303511702714,0.350636902616654,98,100
frankfurt_000000_020321,SevereJPEG,0,80.0,30.970089964282145,27.332029322851362,0.91625,0.80875,0.9829190765673911,0.7989546371519876,0.48308092025145116,0.46716720620031066,174,157
frankfurt_000000_022254,SevereJPEG,0,80.0,31.47759696877984,27.80881115578176,0.88875,0.7825,0.978990373934693,0.7596679005147219,0.5328194862378846,0.5309354497528309,194,181
frankfurt_000001_010830,SevereJPEG,0,80.0,29.144509922194306,25.544880587412628,0.93125,0.85,0.9841695853898411,0.8912345900864019,0.5012002366721814,0.4992499683733213,210,215
frankfurt_000001_021406,SevereJPEG,0,80.0,31.06791988239371,27.15698464310036,0.92,0.78875,0.9809192989101324,0.856776166512572,0.5684370318028026,0.5604536507756,59,62
frankfurt_000001_046779,SevereJPEG,0,80.0,29.61804512063431,26.18577379693334,0.9125,0.8325,0.9734331562159951,0.8593881911696122,0.36956508333261745,0.3339296959834939,211,208
frankfurt_000001_054640,SevereJPEG,0,80.0,31.780544208138704,28.09664886384626,0.89375,0.76375,0.9825824491536412,0.8595787955742393,0.48655039374573594,0.483201326608635,217,215
frankfurt_000001_058504,SevereJPEG,0,80.0,31.324711824477205,27.653177191417612,0.895,0.8125,0.9812407161508677,0.8605872380276777,0.5034810251917095,0.49857446979586034,161,152
frankfurt_000001_062250,SevereJPEG,0,80.0,33.00515300556055,29.20061427553096,0.865,0.7575,0.9477501888343076,0.8037673754653115,0.37844475173345826,0.35729614618197375,123,120
frankfurt_000001_064651,SevereJPEG,0,80.0,31.65323945113736,28.206369114472945,0.91375,0.81625,0.9864223506848415,0.8577324274071704,0.4745129276969917,0.4569044179639226,196,184
frankfurt_000001_080091,SevereJPEG,0,80.0,31.186388086778013,27.454571253813164,0.89625,0.77625,0.9842774851524478,0.8766925049018541,0.4705566708583135,0.45639958031567013,259,259
lindau_000007_000019,SevereJPEG,0,80.0,32.05697068410764,29.431297701204485,0.8925,0.78,0.9742285355879603,0.8221614162471531,0.41970506801840435,0.4412000834442888,123,127
lindau_000031_000019,SevereJPEG,0,80.0,30.051730313499615,27.276010461103112,0.9175,0.82625,0.9813248260873225,0.84934771305276,0.4729075565410482,0.4303191026140782,146,131
munster_000007_000019,SevereJPEG,0,80.0,31.390350347408564,28.36733385408348,0.92,0.8125,0.9825742773728205,0.8655377157625749,0.5459003117799022,0.5331895797301082,146,142
munster_000094_000019,SevereJPEG,0,80.0,28.3368438600752,24.979111810026215,0.9325,0.8175,0.9845471514111347,0.8644347696308923,0.4256145584861254,0.4238950168129971,232,222
munster_000139_000019,SevereJPEG,0,80.0,30.57962410456282,26.868593281826083,0.90625,0.815,0.9792746032363631,0.8725174450152269,0.5709074005959676,0.5613275671514611,274,277
munster_000159_000019,SevereJPEG,0,80.0,33.89097023330556,31.4333321657087,0.85875,0.77,0.9829152675564772,0.9072015764032145,0.490842954803697,0.4744250511070184,52,49
frankfurt_000000_009688,SevereJPEG,1,60.0,31.01585264043857,28.765423654536697,0.86875,0.785,0.962549755839151,0.7462618263577305,0.47570445591419813,0.4595376372946048,64,67
frankfurt_000000_011074,SevereJPEG,1,60.0,30.629626084456074,28.914058459080888,0.885,0.7925,0.9755552027973464,0.8341067635224575,0.45598207686489356,0.42924514697347915,97,104
frankfurt_000000_012868,SevereJPEG,1,60.0,29.02997094313356,26.66197856331121,0.8825,0.8075,0.9791152436645886,0.8970509125454272,0.49247356964918965,0.45918909021017956,235,231
frankfurt_000000_016005,SevereJPEG,1,60.0,29.652165988732193,27.34399087225542,0.87125,0.755,0.9697069910224168,0.8177442464588949,0.36115968405943843,0.35351218034194576,102,105
frankfurt_000000_020321,SevereJPEG,1,60.0,29.249897916552744,26.8324948947092,0.88875,0.8125,0.9724824481876609,0.8020307235622606,0.47701106277315924,0.4611914850793419,173,164
frankfurt_000000_022254,SevereJPEG,1,60.0,29.635261116406774,27.279928287341182,0.87375,0.785,0.967236382791736,0.7542780865180231,0.49081416745954637,0.48825320803838157,187,175
frankfurt_000001_010830,SevereJPEG,1,60.0,27.504737070358672,25.087850115649143,0.9075,0.83875,0.9784785983099143,0.8903609946789355,0.5072464363171989,0.5040567373460147,215,207
frankfurt_000001_021406,SevereJPEG,1,60.0,29.341246634362772,26.7343176230937,0.88375,0.78125,0.9701918117592195,0.8539012568297347,0.5754201141824177,0.5720535368816675,58,57
frankfurt_000001_046779,SevereJPEG,1,60.0,28.01697029630158,25.694947851474343,0.885,0.79125,0.9718261852787965,0.8546030502507752,0.35972438708692966,0.3224710067109195,214,218
frankfurt_000001_054640,SevereJPEG,1,60.0,30.089979427921296,27.58101821674309,0.85875,0.77,0.9709716637781145,0.8616197414280962,0.49444053229694634,0.48614303249626456,220,216
frankfurt_000001_058504,SevereJPEG,1,60.0,29.563987989851345,27.121729929546422,0.86875,0.785,0.9710127894246059,0.8658615871222871,0.5086290535891013,0.5027589346349013,170,165
frankfurt_000001_062250,SevereJPEG,1,60.0,31.134088406284924,28.637011277661472,0.81625,0.73625,0.932575728204416,0.8005111130587601,0.3832951121007914,0.3549723654190441,122,119
frankfurt_000001_064651,SevereJPEG,1,60.0,30.020456331980622,27.694993864261647,0.8875,0.81375,0.9755547722103473,0.8649782216517173,0.46254596300803463,0.45564838807002933,198,178
frankfurt_000001_080091,SevereJPEG,1,60.0,29.454045788859766,26.933671886199054,0.88625,0.775,0.9776211666524989,0.8703535602975807,0.4671735231492796,0.4485147298834091,261,259
lindau_000007_000019,SevereJPEG,1,60.0,30.33504580359663,28.797938737221077,0.86,0.78625,0.9706578022118519,0.8080338083655638,0.4101376044377168,0.40569564110995315,126,129
lindau_000031_000019,SevereJPEG,1,60.0,28.260896094085645,26.627712190809525,0.87125,0.7975,0.9745642853625966,0.8480080360949616,0.4767155246710605,0.42643440880665673,145,141
munster_000007_000019,SevereJPEG,1,60.0,29.652343587153716,27.811240087766684,0.8875,0.8025,0.9785892319589027,0.8683049226803569,0.5443354241426248,0.5395493592361584,146,137
munster_000094_000019,SevereJPEG,1,60.0,26.67315652235514,24.492404059330934,0.89125,0.8125,0.9765988887093933,0.8583278424125688,0.43267718297451274,0.4310864606593481,237,231
munster_000139_000019,SevereJPEG,1,60.0,28.78470896992137,26.389265740273366,0.89,0.81625,0.9735183598285486,0.8683066447834801,0.5682158251689213,0.5607889170932755,279,280
munster_000159_000019,SevereJPEG,1,60.0,32.26756595275157,30.897026782515656,0.825,0.75875,0.9874540818581973,0.9082453487804332,0.4853344202462459,0.4683409883296592,55,56
frankfurt_000000_009688,SevereJPEG,2,40.0,29.664488848389155,28.24026941263085,0.85625,0.7725,0.9266773652703639,0.7415075099581475,0.47848635440259185,0.4529084144630628,68,70
frankfurt_000000_011074,SevereJPEG,2,40.0,29.36576332322746,28.39901736870622,0.8575,0.8,0.9528852045016035,0.8358102028619722,0.45594988002018827,0.4195063142949492,105,108
frankfurt_000000_012868,SevereJPEG,2,40.0,27.84532886049979,26.2566994261117,0.85375,0.8,0.965607713479456,0.8966876210062501,0.4843020937421127,0.4613313584355264,238,241
frankfurt_000000_016005,SevereJPEG,2,40.0,28.391337971925758,26.942521851328294,0.84375,0.765,0.9615339060872231,0.8039607251773414,0.3546967232089692,0.350251745188366,109,109
frankfurt_000000_020321,SevereJPEG,2,40.0,28.052859912171,26.41761332620041,0.88,0.81125,0.9597398312656464,0.8205181230171139,0.47285519763378975,0.46130758125868165,170,164
frankfurt_000000_022254,SevereJPEG,2,40.0,28.38998110077746,26.860802456108992,0.84375,0.765,0.946923518752623,0.7284615121368554,0.514403997523273,0.5132687344611641,186,179
frankfurt_000001_010830,SevereJPEG,2,40.0,26.293638013634787,24.6830253383759,0.88125,0.8175,0.9683486109890811,0.8830537335207514,0.49888291741437707,0.49260065627023547,205,208
frankfurt_000001_021406,SevereJPEG,2,40.0,28.0925531969205,26.35589486071273,0.8525,0.78125,0.9551250224365392,0.8508640822040816,0.5522506873262999,0.5503630555834537,70,65
frankfurt_000001_046779,SevereJPEG,2,40.0,26.802869424756388,25.261746461767967,0.8725,0.78625,0.9605312597823734,0.8539334047987324,0.34860145335745557,0.3349967890670092,231,215
frankfurt_000001_054640,SevereJPEG,2,40.0,28.90477653976369,27.155144046273545,0.85125,0.75625,0.9757707155633797,0.8582288211295231,0.4794118894290963,0.4638213059492969,224,223
frankfurt_000001_058504,SevereJPEG,2,40.0,28.405327781355773,26.74364121836177,0.8925,0.8,0.9534444525695472,0.8498341999981973,0.5568032493121031,0.5530405444583537,163,158
frankfurt_000001_062250,SevereJPEG,2,40.0,29.786954220683764,28.183090409641522,0.815,0.69875,0.9551384615092705,0.7994015276658335,0.3900919965160687,0.35528051706299085,119,119
frankfurt_000001_064651,SevereJPEG,2,40.0,28.825165617806917,27.266833212188452,0.85,0.7875,0.9640047183606357,0.8576664317028625,0.4595208356060446,0.4506047243910572,201,188
frankfurt_000001_080091,SevereJPEG,2,40.0,28.188951390492885,26.47674899435419,0.85375,0.78125,0.9644373282059151,0.8625964000366547,0.46946639606648993,0.48965509624592896,258,253
lindau_000007_000019,SevereJPEG,2,40.0,29.19816724234131,28.3235640307918,0.83875,0.78625,0.9559838410221327,0.789782950342523,0.4606853974898003,0.4358206980285127,125,120
lindau_000031_000019,SevereJPEG,2,40.0,27.098039892957708,26.14469031964798,0.845,0.7875,0.9708270945645417,0.8430324603690272,0.45556507451016903,0.3753511456276344,151,128
munster_000007_000019,SevereJPEG,2,40.0,28.46835722294372,27.36576045917075,0.8575,0.81375,0.9715261844936003,0.8699242765414925,0.5318431556586856,0.5044483076142993,160,154
munster_000094_000019,SevereJPEG,2,40.0,25.555728913787902,24.123620132265096,0.8675,0.7875,0.9712292044802792,0.8617410261542228,0.4150441372020592,0.41097181253400367,242,231
munster_000139_000019,SevereJPEG,2,40.0,27.489794370625287,25.951502323769233,0.85625,0.795,0.9638239950146182,0.8626657856866962,0.5673702109549678,0.5641997186873048,281,279
munster_000159_000019,SevereJPEG,2,40.0,30.982967061272475,30.31883368818653,0.7925,0.7375,0.9789044589943277,0.9037248512557362,0.48085432012915796,0.4717967057724188,65,51
frankfurt_000000_009688,SevereJPEG,3,20.0,26.83809018346443,26.527270868425,0.79125,0.73,0.9169809486661757,0.7277168384692508,0.42102243506853165,0.44980971663322705,59,54
frankfurt_000000_011074,SevereJPEG,3,20.0,26.795479592732224,26.828168261547262,0.78625,0.75125,0.922265163656561,0.8450926723933818,0.4394054084362385,0.4044884869201798,107,118
frankfurt_000000_012868,SevereJPEG,3,20.0,25.519308789063153,25.076400941655983,0.825,0.75875,0.9482516682626226,0.8913210047889699,0.3761274396740622,0.37017232102670644,239,233
frankfurt_000000_016005,SevereJPEG,3,20.0,25.753425598315403,25.51885551766597,0.75625,0.7,0.927490474657177,0.8246234254123912,0.3309032804917466,0.3342978739027315,92,89
frankfurt_000000_020321,SevereJPEG,3,20.0,25.403385105824693,24.97524407339825,0.82625,0.75625,0.9424762241204403,0.7897891133244216,0.4686655212058246,0.4180088992057935,203,193
frankfurt_000000_022254,SevereJPEG,3,20.0,25.700717157451486,25.407461193610892,0.78125,0.72875,0.91868556784197,0.7418146722579364,0.5436083789338784,0.5593262490923399,206,197
frankfurt_000001_010830,SevereJPEG,3,20.0,23.915287257248913,23.505970855563987,0.8375,0.80625,0.9517395397919015,0.8774623723050683,0.44771125765742714,0.44013830281903027,209,204
frankfurt_000001_021406,SevereJPEG,3,20.0,25.501059399321477,25.036347785621544,0.7975,0.74875,0.9430054023651588,0.8392623629644869,0.5171006396985227,0.505821024858504,83,78
frankfurt_000001_046779,SevereJPEG,3,20.0,24.434097971303355,24.00235101211338,0.8125,0.76125,0.9413061589753092,0.8633286988264546,0.30938172296859207,0.30489153465506086,225,217
frankfurt_000001_054640,SevereJPEG,3,20.0,26.55482696845943,25.98832322732536,0.7725,0.70625,0.9514793143009994,0.8506566066882952,0.4320115609811139,0.45826265136604694,226,214
frankfurt_000001_058504,SevereJPEG,3,20.0,25.894396027037402,25.46894833937565,0.80125,0.75125,0.9401775465886468,0.8359854098435275,0.55286908059081,0.5550691816283668,202,191
frankfurt_000001_062250,SevereJPEG,3,20.0,27.150721540685613,26.819694349877693,0.69625,0.66375,0.9290689776208922,0.7715039265797112,0.3322687465505573,0.33762158931527936,136,131
frankfurt_000001_064651,SevereJPEG,3,20.0,26.532788568065335,26.082455442625196,0.83625,0.76125,0.9424767789122717,0.8675866030989307,0.46167979621912036,0.45713198931679366,209,208
frankfurt_000001_080091,SevereJPEG,3,20.0,25.813948544912208,25.25606231969885,0.78625,0.73625,0.9483155388921949,0.8779732711832159,0.44800063632301546,0.4322684358758235,258,254
lindau_000007_000019,SevereJPEG,3,20.0,26.187625563308906,26.24000474929379,0.75875,0.73625,0.9238646817003602,0.8033027960142808,0.4067662891435268,0.3998400745858773,134,137
lindau_000031_000019,SevereJPEG,3,20.0,24.522892867890718,24.520761104977336,0.79625,0.755,0.9445204633729005,0.8324893911441263,0.3648119640599616,0.33398908892521384,133,127
munster_000007_000019,SevereJPEG,3,20.0,25.59601806936183,25.558234969429865,0.8125,0.7625,0.9535261537380142,0.8694746824184675,0.4429113939985671,0.4462807819036365,153,141
munster_000094_000019,SevereJPEG,3,20.0,23.26609968241627,22.935520782466448,0.82,0.7825,0.9433215754385654,0.8537838472854619,0.39547034047016805,0.39713043258750075,246,239
munster_000139_000019,SevereJPEG,3,20.0,24.954996414045635,24.621577000169736,0.775,0.7325,0.9556918742477482,0.8646572819718104,0.497094683132571,0.5111491533478111,278,280
munster_000159_000019,SevereJPEG,3,20.0,27.977882240944698,28.083143516036078,0.7325,0.72375,0.9731354945621271,0.9235035866194383,0.4714582021384289,0.462242008858801,72,61
frankfurt_000000_009688,SevereJPEG,4,5.0,18.75352465334718,19.247549867537703,0.4575,0.4375,0.8036631141542042,0.6767419602102475,0.23390266466760595,0.25378468865659315,200,192
frankfurt_000000_011074,SevereJPEG,4,5.0,19.454438725363396,20.224246590384784,0.5,0.5125,0.8224240474481758,0.8022972130871602,0.30965779842310553,0.3274474498329455,149,160
frankfurt_000000_012868,SevereJPEG,4,5.0,19.239915906767415,20.024397258038604,0.5425,0.545,0.886865436320598,0.857863482496848,0.2987514344965311,0.30929319604316746,229,234
frankfurt_000000_016005,SevereJPEG,4,5.0,18.72401179578771,19.43971704683769,0.44125,0.44875,0.8419813088587133,0.7700857346459296,0.28700361266726254,0.28063973199647946,189,186
frankfurt_000000_020321,SevereJPEG,4,5.0,18.5802985865823,19.237120169683354,0.495,0.48375,0.8618641054181511,0.7915688339021334,0.2717141836449918,0.27920435924324566,211,212
frankfurt_000000_022254,SevereJPEG,4,5.0,18.23383169063096,18.959414735014246,0.455,0.4675,0.8313598149830634,0.7497004349664163,0.20732006216229953,0.23457859951062113,216,209
frankfurt_000001_010830,SevereJPEG,4,5.0,17.623598431638886,18.42252213045232,0.6025,0.62125,0.8924514251174003,0.8480628655932586,0.34470611549934665,0.3216573410461831,226,225
frankfurt_000001_021406,SevereJPEG,4,5.0,18.51712110082738,19.19191678014276,0.4475,0.445,0.8883152734226802,0.8398976878905882,0.3168444093804727,0.3385296796517415,110,122
frankfurt_000001_046779,SevereJPEG,4,5.0,17.915980999346402,18.603308211361714,0.52375,0.5125,0.8664731115437082,0.8113771562086228,0.23878016470558003,0.24342314351763006,253,249
frankfurt_000001_054640,SevereJPEG,4,5.0,19.785404068419773,20.46057594962881,0.4625,0.465,0.8879822494191592,0.8454092824163034,0.29048813625916153,0.30227478426946897,244,235
frankfurt_000001_058504,SevereJPEG,4,5.0,19.15261452660736,19.91554724006975,0.50875,0.525,0.854922793475776,0.8101288850229875,0.32000615986853853,0.33798067746807847,219,220
frankfurt_000001_062250,SevereJPEG,4,5.0,19.247822405508934,19.927433453156837,0.32,0.3475,0.7548800679519491,0.7688596343865435,0.2632109193140792,0.26260576452521506,218,211
frankfurt_000001_064651,SevereJPEG,4,5.0,19.53175214557174,20.165243047434945,0.52625,0.51875,0.8464048159499138,0.8286363698779567,0.3011867946649999,0.3104075628670214,208,206
frankfurt_000001_080091,SevereJPEG,4,5.0,19.163218496003026,19.847453221155384,0.4725,0.48,0.895758554101424,0.8515978288818209,0.19040472796955565,0.1739663338341175,253,251
lindau_000007_000019,SevereJPEG,4,5.0,18.57537046032203,19.140961633868038,0.38,0.3875,0.836043258972559,0.7266167923012898,0.28662919230912215,0.27056319302751786,265,260
lindau_000031_000019,SevereJPEG,4,5.0,17.00790297513256,17.64154732103964,0.48125,0.46375,0.880731306216477,0.8026047113321404,0.29640020940200285,0.3390404948276744,261,265
munster_000007_000019,SevereJPEG,4,5.0,18.60271987491023,19.307958078543948,0.515,0.50625,0.8680440908830841,0.8579964449601327,0.2142078075607884,0.2231027262870232,196,199
munster_000094_000019,SevereJPEG,4,5.0,16.094052608906992,16.679116597012047,0.555,0.545,0.8828291941262026,0.8318797370024588,0.28673081277764223,0.3087714641170254,231,230
munster_000139_000019,SevereJPEG,4,5.0,17.835971622446262,18.528125835619054,0.43875,0.43875,0.883799860667012,0.8399065913505553,0.35675887299976233,0.37344660389168643,267,287
munster_000159_000019,SevereJPEG,4,5.0,20.52748997611134,21.11799014895481,0.45375,0.4575,0.9312466972550724,0.9021006703826351,0.2609136821778936,0.2681366677922822,105,94
frankfurt_000000_009688,LowLight,0,0.8,13.805670837024682,4.680681696908453,0.97125,0.18375,0.681260684759857,0.2962841013141448,0.4820596893255988,0.47907761868295834,70,75
frankfurt_000000_011074,LowLight,0,0.8,13.838823095728372,6.8142889143725025,0.96375,0.16,0.7441178690930812,0.3077589627397736,0.46016314528834085,0.41905961146767345,100,116
frankfurt_000000_012868,LowLight,0,0.8,13.864595482004056,7.164516403521825,0.9675,0.2025,0.8089236756442126,0.5498467727597889,0.4678914805349997,0.40888233813552827,239,244
frankfurt_000000_016005,LowLight,0,0.8,13.827189859433219,5.559633469098983,0.95625,0.0775,0.6143967406943377,0.33862143990007076,0.3542974988366143,0.36132892406181844,89,138
frankfurt_000000_020321,LowLight,0,0.8,13.837560166954106,5.770873230608945,0.96125,0.1425,0.7190774875009472,0.4151483062055549,0.483380042917465,0.43712179704458837,176,198
frankfurt_000000_022254,LowLight,0,0.8,13.788542963699156,3.865003000629743,0.95375,0.09875,0.6299292609528275,0.4624188874509484,0.5252214337979682,0.5356920988921928,190,194
frankfurt_000001_010830,LowLight,0,0.8,13.838190304959388,4.725674451927027,0.97,0.20625,0.8194629632168373,0.48991526632875876,0.5020746621791303,0.5613687107184786,209,219
frankfurt_000001_021406,LowLight,0,0.8,13.813775100436715,4.624430782809563,0.9725,0.10125,0.7023662988240297,0.29386935122632923,0.5738640131805401,0.5361741564664807,58,74
frankfurt_000001_046779,LowLight,0,0.8,13.840229336308346,5.087420239360951,0.96125,0.13875,0.8061934215859352,0.40117595131433925,0.3691982203536033,0.3762398441530227,205,228
frankfurt_000001_054640,LowLight,0,0.8,13.864064324845401,7.453337669007284,0.9625,0.29875,0.7511380055523242,0.5445356491472316,0.4948627856395739,0.48542915702365225,218,222
frankfurt_000001_058504,LowLight,0,0.8,13.840421553755293,4.593749453764701,0.95875,0.13625,0.7678860755068505,0.3861334443456209,0.5040514068556124,0.5539647872579218,156,165
frankfurt_000001_062250,LowLight,0,0.8,13.820727113832088,3.6523705976717977,0.94875,0.18375,0.6760690172543136,0.1481479920075361,0.3876397152734951,0.37984878860029525,124,149
frankfurt_000001_064651,LowLight,0,0.8,13.867430449362438,6.8959719375267925,0.955,0.31,0.7525933082036742,0.48730734296905853,0.4716077733245782,0.49153785625078644,185,201
frankfurt_000001_080091,LowLight,0,0.8,13.845128356764654,6.537146653597312,0.965,0.33125,0.8024997269755535,0.6729164974604694,0.4691560038051972,0.48126929338480323,250,255
lindau_000007_000019,LowLight,0,0.8,13.807131199850172,3.158737833526501,0.9525,0.0525,0.5731548614984198,0.24907110039150693,0.41284082371710723,0.45110947841635696,117,126
lindau_000031_000019,LowLight,0,0.8,13.79428063306367,1.7015746351982661,0.96375,0.19,0.7940689966291149,0.3996917951378759,0.4370239452465123,0.41312039635425224,148,122
munster_000007_000019,LowLight,0,0.8,13.817761362885982,3.278405606033637,0.96875,0.05625,0.8246366105459543,0.37225728215282866,0.5167845706795311,0.45890824766892013,136,147
munster_000094_000019,LowLight,0,0.8,13.788254661508084,2.112846596069093,0.975,0.04875,0.8270316884695222,0.34083071381043806,0.4225378720376624,0.389680673152179,241,247
munster_000139_000019,LowLight,0,0.8,13.827000452203311,4.178263502349556,0.96375,0.305,0.7819710978154139,0.5109096878903846,0.5654915765553158,0.5613551353289773,276,269
munster_000159_000019,LowLight,0,0.8,13.881451104293834,5.519813785646887,0.95625,0.15,0.8795494611764846,0.40024842633269037,0.515619136856207,0.49765558384822284,51,85
frankfurt_000000_009688,LowLight,1,0.6,7.8730804431842945,6.5337566371041405,0.95625,0.1875,0.11931079323797138,0.32877417450626745,0.4796193630070685,0.47755879466159973,72,74
frankfurt_000000_011074,LowLight,1,0.6,7.88921329867387,8.025712325386259,0.945,0.18875,0.4301658775994824,0.3604587236180634,0.4532057241656093,0.41974494170656895,100,108
frankfurt_000000_012868,LowLight,1,0.6,7.901678885841567,8.1707893690614,0.96375,0.215,0.26651548861886015,0.5724157829677357,0.46198040443039545,0.4180726817288699,239,242
frankfurt_000000_016005,LowLight,1,0.6,7.883038712082829,6.843256486071633,0.95625,0.0825,0.08664379772048246,0.36469188867421637,0.35725587297427713,0.36081110125987276,84,144
frankfurt_000000_020321,LowLight,1,0.6,7.888284983791799,7.029816446709457,0.9475,0.15,0.28700695101386087,0.42642039764656864,0.483124017609088,0.43916060329883816,157,201
frankfurt_000000_022254,LowLight,1,0.6,7.86426692991136,5.547335896536741,0.95625,0.11125,0.08122605363984674,0.48917498511920254,0.5224276136125434,0.5756548818952927,179,194
frankfurt_000001_010830,LowLight,1,0.6,7.88845940396631,5.736915725357276,0.95625,0.22625,0.4628058926179944,0.5097376231369375,0.5031961153376643,0.5609686742856197,208,218
frankfurt_000001_021406,LowLight,1,0.6,7.876200359469669,5.9509510595917705,0.95375,0.12875,0.14369168356997972,0.3108446225800681,0.5816610236730352,0.5409455155749375,63,65
frankfurt_000001_046779,LowLight,1,0.6,7.890250401017446,6.261626050923463,0.9525,0.135,0.4445804925560039,0.421016449321707,0.39223880540716316,0.37760176866593864,205,239
frankfurt_000001_054640,LowLight,1,0.6,7.901387515014933,8.586576652427278,0.9525,0.30875,0.17749360690150853,0.5732861127067069,0.4906302900324836,0.4793555700404311,220,223
frankfurt_000001_058504,LowLight,1,0.6,7.889704988210523,5.750168721341193,0.94875,0.14625,0.1491208346449611,0.41800949753208666,0.5031131910939919,0.5534856202108571,149,166
frankfurt_000001_062250,LowLight,1,0.6,7.879582552196089,5.175853396318674,0.95125,0.19125,0.3809174311926606,0.17535467171594393,0.3836259600204612,0.37521922335760577,119,140
frankfurt_000001_064651,LowLight,1,0.6,7.903134000530606,8.25994386221557,0.9625,0.3475,0.3383512081664298,0.5251287334119347,0.4685475208285391,0.4907071910148705,186,200
frankfurt_000001_080091,LowLight,1,0.6,7.892125933605523,7.807026149381962,0.94875,0.325,0.2889848812095032,0.6904503286704088,0.46243738077815,0.4778784439975143,244,257
lindau_000007_000019,LowLight,1,0.6,7.872910667887721,4.587289094761483,0.95375,0.0575,0.09221973651503852,0.23410526265480877,0.40993295411035646,0.4526634513138371,127,126
lindau_000031_000019,LowLight,1,0.6,7.866740571860888,2.932931130695317,0.94875,0.205,0.3365366265567897,0.4281615849653907,0.4364864107534277,0.41126583377182946,152,126
munster_000007_000019,LowLight,1,0.6,7.878069805073241,4.672382802866389,0.96,0.0725,0.44115128762431666,0.39789611160384314,0.5191728141424863,0.46468411596823544,148,145
munster_000094_000019,LowLight,1,0.6,7.863543229137251,3.3390374367426903,0.96,0.06,0.45061619134164554,0.37292950067553,0.42181628155345147,0.3946350376592839,243,253
munster_000139_000019,LowLight,1,0.6,7.8826332757930615,5.267717636894815,0.95875,0.34,0.20706076576290558,0.5304530827304771,0.5652147880406058,0.562107869111968,273,270
munster_000159_000019,LowLight,1,0.6,7.9101521807743245,6.848075430212348,0.95625,0.16,0.6965974370304905,0.4212520047531437,0.5096039609905462,0.49157181472841305,44,78
frankfurt_000000_009688,LowLight,2,0.4,4.379907876104026,9.69635320657146,0.82625,0.18,0.0,0.3616466148906557,0.4721492696177989,0.47411471916563813,78,80
frankfurt_000000_011074,LowLight,2,0.4,4.390122039592387,9.766292661545018,0.88875,0.2375,0.016254823085132583,0.4399864622816576,0.44610522260633007,0.4208305589350415,98,111
frankfurt_000000_012868,LowLight,2,0.4,4.398789988498739,9.679942686173854,0.93625,0.24875,0.0053662859393462,0.6059574136048698,0.4351153836213945,0.42161741552209725,242,246
frankfurt_000000_016005,LowLight,2,0.4,4.386240049561009,8.739193303357515,0.92125,0.09375,0.007605000864204643,0.3998547224354401,0.3570706905099859,0.3585263709510338,82,132
frankfurt_000000_020321,LowLight,2,0.4,4.3897279113393814,8.832498635401999,0.93625,0.16125,0.004981797279172254,0.4786502001323768,0.47705090482210194,0.43991559165461624,143,190
frankfurt_000000_022254,LowLight,2,0.4,4.373133141124966,8.25474055475185,0.92625,0.13625,0.0,0.5432384058263786,0.5139001187300287,0.5372016400218372,173,192
frankfurt_000001_010830,LowLight,2,0.4,4.3899961964044545,7.4662736478369265,0.93375,0.26125,0.017170077998220176,0.548019728509503,0.5031772639601437,0.5590766854976028,206,218
frankfurt_000001_021406,LowLight,2,0.4,4.381699429770257,8.086645249996835,0.94,0.14375,0.003751854113951662,0.3428387034737771,0.584843957181053,0.5475468856070849,58,67
frankfurt_000001_046779,LowLight,2,0.4,4.390569678272549,8.10585714518584,0.92125,0.14875,0.017732382877611093,0.45797094353195633,0.3910307328647351,0.37296116547659597,189,234
frankfurt_000001_054640,LowLight,2,0.4,4.398541154834704,10.1403485201061,0.90125,0.34625,0.006101058559733013,0.6055542779305023,0.47956106661676723,0.47998023737503553,213,224
frankfurt_000001_058504,LowLight,2,0.4,4.3906421493080146,7.6065010430531395,0.92625,0.15625,0.004170303559305596,0.4499970393787219,0.5011502694781138,0.5523912287412691,140,166
frankfurt_000001_062250,LowLight,2,0.4,4.384049188524005,7.420184109249695,0.7475,0.18875,0.0054249547920434,0.2287937086593229,0.38033055667139176,0.36971821978904557,119,139
frankfurt_000001_064651,LowLight,2,0.4,4.399769063572705,10.187934961207631,0.935,0.3775,0.0345420503610867,0.5769605528100832,0.4635701706137155,0.49509549327256347,171,202
frankfurt_000001_080091,LowLight,2,0.4,4.392147833720275,9.77297456347796,0.935,0.33125,0.004579698197888759,0.7263537058179736,0.46129221774279805,0.47990284306130615,233,255
lindau_000007_000019,LowLight,2,0.4,4.379457452068694,6.712936852974907,0.90875,0.0675,0.0,0.23691048375245857,0.4035821385294238,0.4514392139721778,140,127
lindau_000031_000019,LowLight,2,0.4,4.3752280802475605,5.0004878115958125,0.93125,0.225,0.0,0.5031669517688255,0.4689740133101544,0.4143445614994265,147,121
munster_000007_000019,LowLight,2,0.4,4.383056273136125,6.854900025825175,0.94125,0.08875,0.0,0.4357125336193121,0.5453874595874032,0.4966794768477247,149,137
munster_000094_000019,LowLight,2,0.4,4.3732662729631455,5.395940307786969,0.9475,0.07375,0.0,0.4255229337448431,0.4223550406391441,0.4000379131606226,237,238
munster_000139_000019,LowLight,2,0.4,4.386092304234298,7.0309453868282805,0.94125,0.37,0.0,0.5696194842128307,0.570855592871207,0.5643545994206195,277,272
munster_000159_000019,LowLight,2,0.4,4.4045195613463335,8.239463577358038,0.89125,0.16125,0.0,0.42298339177422123,0.4975692984879352,0.49501487901818203,26,83
frankfurt_000000_009688,LowLight,3,0.25,2.4544828050861116,13.706024490611547,0.27875,0.185,0.0,0.4636889778582053,0.45621544562560506,0.47474368373410997,80,78
frankfurt_000000_011074,LowLight,3,0.25,2.462976820583322,11.375314183446822,0.42,0.29125,0.0,0.5230174191838565,0.43463861545152416,0.41688025222641123,94,104
frankfurt_000000_012868,LowLight,3,0.25,2.4638837852662503,11.494038097146229,0.835,0.29125,0.0,0.6409470571256022,0.42491419945539893,0.42347878252006693,244,245
frankfurt_000000_016005,LowLight,3,0.25,2.460619148845792,10.674881273215771,0.47625,0.1225,0.0,0.487369762989796,0.354386638233658,0.35902659945264265,89,127
frankfurt_000000_020321,LowLight,3,0.25,2.458021718246864,10.691844635126518,0.71,0.1925,0.0,0.5396746900681879,0.4668915787427418,0.44285791366971466,142,187
frankfurt_000000_022254,LowLight,3,0.25,2.4511464952410713,11.887345399160916,0.3375,0.1725,0.0,0.6075381023973133,0.50845678537866,0.5288995224859694,160,193
frankfurt_000001_010830,LowLight,3,0.25,2.4584563590955706,10.165714273688017,0.90875,0.31875,0.0,0.5943100246057613,0.5053047994178832,0.504887331983003,217,224
frankfurt_000001_021406,LowLight,3,0.25,2.4569004903126244,10.803101059113203,0.40875,0.19375,0.0,0.40646742268701,0.5795477258730618,0.5482785284275415,52,67
frankfurt_000001_046779,LowLight,3,0.25,2.460408266702887,10.339179615107575,0.86125,0.16875,0.0,0.5234328806070397,0.36019933805476995,0.33753395837003647,191,240
frankfurt_000001_054640,LowLight,3,0.25,2.46441550271801,11.352128173863472,0.7275,0.38875,0.0,0.6393386212881579,0.4682542361270604,0.4773666281474039,202,221
frankfurt_000001_058504,LowLight,3,0.25,2.4609496944672316,9.96833275147324,0.56125,0.21,0.0,0.4953183321195769,0.49963569319594797,0.4966621909402109,127,179
frankfurt_000001_062250,LowLight,3,0.25,2.4501767161032144,9.815733485628387,0.27,0.2075,0.0,0.3499907003616109,0.3589122424605022,0.37070269459893906,116,129
frankfurt_000001_064651,LowLight,3,0.25,2.4598613322207905,11.549329569998374,0.62125,0.425,0.0,0.6198107892845348,0.4686670174286973,0.4898994093120583,161,204
frankfurt_000001_080091,LowLight,3,0.25,2.460951228120916,11.982676891911716,0.745,0.36375,0.0,0.783011664048293,0.45080652728850445,0.45447892329775486,215,255
lindau_000007_000019,LowLight,3,0.25,2.455623400984456,9.211247738007355,0.395,0.09375,0.0,0.25594302589917545,0.423571711519962,0.437891255296455,126,134
lindau_000031_000019,LowLight,3,0.25,2.446742262305441,8.21535895142327,0.52375,0.24,0.0,0.557520897845277,0.48065049972656004,0.44028421330829765,141,127
munster_000007_000019,LowLight,3,0.25,2.4517237710536026,9.548031523589568,0.63625,0.14625,0.0,0.47081529907725733,0.5302900029828845,0.4995334467066282,137,154
munster_000094_000019,LowLight,3,0.25,2.4473384884013965,8.66914667317165,0.85625,0.095,0.0,0.4954819291554326,0.4184811297830726,0.4119800514401596,244,255
munster_000139_000019,LowLight,3,0.25,2.4588295394929687,9.60749505039213,0.69125,0.41625,0.0,0.6271945441784174,0.5702109331547687,0.5616430151925527,276,270
munster_000159_000019,LowLight,3,0.25,2.4557960568167894,8.882675931992189,0.47875,0.2275,0.0,0.32487146771213776,0.477242121776206,0.5155937731973512,26,81
frankfurt_000000_009688,LowLight,4,0.1,0.8707435986274117,10.906524881201939,0.0,0.27,0.0,0.12519278593968777,0.4476173467320622,0.45952305437802826,54,66
frankfurt_000000_011074,LowLight,4,0.1,0.8793156638441306,8.866236540225728,0.0,0.4625,0.0,0.3870330389703135,0.3791962126204496,0.41069001658391074,42,95
frankfurt_000000_012868,LowLight,4,0.1,0.8830777178862916,9.924732083494778,0.0,0.41,0.0,0.5569832542429245,0.3430162734382675,0.3995384026547569,283,253
frankfurt_000000_016005,LowLight,4,0.1,0.8770142145203764,8.817084797893308,0.0,0.22,0.0,0.2335697128630255,0.3552709885222168,0.35859238654585773,84,119
frankfurt_000000_020321,LowLight,4,0.1,0.8767376177634507,9.4556815763165,0.0,0.25625,0.0,0.36505154365067627,0.4585053679979611,0.45555985709726143,133,191
frankfurt_000000_022254,LowLight,4,0.1,0.8675399024484298,10.928443629284207,0.0,0.25875,0.0,0.20292099913079858,0.42185627718424207,0.41970794080294815,161,210
frankfurt_000001_010830,LowLight,4,0.1,0.8770364574707147,10.824133603322885,0.0,0.45625,0.0,0.4473758641600228,0.5255950540705104,0.494448763900287,206,218
frankfurt_000001_021406,LowLight,4,0.1,0.8732425639799267,9.906664102463921,0.0,0.30875,0.0,0.2177738678173733,0.6033954588244457,0.5469506081949457,55,62
frankfurt_000001_046779,LowLight,4,0.1,0.8778677888828247,9.97926650647036,0.0,0.27375,0.0,0.5774447256848534,0.3753955007423823,0.31439090880181136,189,242
frankfurt_000001_054640,LowLight,4,0.1,0.8836133007143985,8.996320312737266,0.0,0.48125,0.0,0.3303213078092137,0.42533172642990735,0.46003931632628386,168,224
frankfurt_000001_058504,LowLight,4,0.1,0.8788746594096286,9.946877245981263,0.0,0.40375,0.0,0.31321686207437816,0.5014001848427563,0.4163281637131062,172,165
frankfurt_000001_062250,LowLight,4,0.1,0.8696272592144749,9.155865014668343,0.0,0.24125,0.0,0.19803744498027104,0.3175270755358141,0.36246388370263294,59,137
frankfurt_000001_064651,LowLight,4,0.1,0.8811053275463304,9.024258403989279,0.0,0.49375,0.0,0.4001119496423013,0.4634319033770115,0.4685752913142642,177,192
frankfurt_000001_080091,LowLight,4,0.1,0.8792801010299688,10.188824020310568,0.0,0.4875,0.0,0.6309959920547475,0.42064745674938026,0.3968220132952775,220,256
lindau_000007_000019,LowLight,4,0.1,0.8722234418984738,9.115251832319103,0.0,0.17125,0.0,0.04880627334483738,0.44073385725373043,0.42840678848916813,99,142
lindau_000031_000019,LowLight,4,0.1,0.8655081665649837,12.80415556809058,0.0,0.33375,0.0,0.25119844347463466,0.41497264957099295,0.3999898015169482,84,145
munster_000007_000019,LowLight,4,0.1,0.8707411908807361,9.881537858166901,0.0,0.43625,0.0,0.20370782015304686,0.4673115068150605,0.5096248263697117,102,164
munster_000094_000019,LowLight,4,0.1,0.8653438903514241,11.978047268125602,0.0,0.23625,0.0,0.34516973532610284,0.40141812674099114,0.4132131226556027,187,252
munster_000139_000019,LowLight,4,0.1,0.8763870687820298,11.128213582517123,0.0,0.52,0.0,0.6425604836402583,0.5502674921610669,0.5812458957888841,220,279
munster_000159_000019,LowLight,4,0.1,0.8804069359966139,6.762718034166495,0.0,0.36875,0.0,0.0,0.3567349043339123,0.4957611898392874,59,62
frankfurt_000000_009688,MotionBlur,0,3.0,34.765284527633625,34.38965220938795,0.85,0.8675,0.8427421297491743,0.8610010644419359,0.4833276634784582,0.48655749421011885,70,69
frankfurt_000000_011074,MotionBlur,0,3.0,35.835635225958924,34.77057544034308,0.85625,0.86375,0.9369683617267724,0.9198860011173404,0.46342934106840866,0.46256505475766,102,99
frankfurt_000000_012868,MotionBlur,0,3.0,32.40761694090326,31.83954439437022,0.86375,0.86375,0.9423670182606286,0.9427738712412962,0.46208714028163284,0.46806294329840903,231,237
frankfurt_000000_016005,MotionBlur,0,3.0,33.454306465926315,33.03320555265089,0.83125,0.84,0.9275501773267802,0.9249921510333706,0.35366411700107203,0.35410086548301933,98,98
frankfurt_000000_020321,MotionBlur,0,3.0,32.27396945662023,31.99224720757868,0.83875,0.8775,0.9158902950344748,0.9372476018858731,0.4793222898525047,0.485002746284242,179,184
frankfurt_000000_022254,MotionBlur,0,3.0,32.3422221260959,32.51438503038484,0.8525,0.8625,0.8231503575225289,0.8971436896353954,0.5304288734294058,0.5263202783529238,196,198
frankfurt_000001_010830,MotionBlur,0,3.0,29.98613214733579,29.8711337602873,0.86625,0.875,0.9507124380127557,0.948474981362827,0.5023061209389937,0.5014567157238116,210,211
frankfurt_000001_021406,MotionBlur,0,3.0,32.513107381668675,32.356339750033364,0.8375,0.8675,0.9233815241135821,0.92579223291966,0.5721669544562088,0.5737380242824408,63,63
frankfurt_000001_046779,MotionBlur,0,3.0,30.685909608255916,30.568420759600574,0.85125,0.86625,0.9124593317439504,0.9256159006254138,0.37083897331667176,0.37273519596922666,214,219
frankfurt_000001_054640,MotionBlur,0,3.0,32.383117145574005,32.29325438424358,0.84,0.83875,0.9293752208962748,0.942094835652663,0.49480380050248635,0.4954491573489271,219,221
frankfurt_000001_058504,MotionBlur,0,3.0,32.181179884521015,32.090611395084395,0.8425,0.85875,0.913936683863802,0.930649429685337,0.5044249338150116,0.5067372192110751,165,169
frankfurt_000001_062250,MotionBlur,0,3.0,34.40175878481219,33.98723385466396,0.85,0.87875,0.8709504683893102,0.9008387280901289,0.3905908011050281,0.39231808478921487,129,132
frankfurt_000001_064651,MotionBlur,0,3.0,31.796413404433356,31.834302354730312,0.86125,0.88375,0.9249057391187473,0.9417548548618115,0.46947379519908367,0.4739450265560448,197,199
frankfurt_000001_080091,MotionBlur,0,3.0,30.408809984893153,30.24410051190467,0.8375,0.84875,0.935270310950565,0.9441455641164893,0.467666173785778,0.46977781664555346,260,261
lindau_000007_000019,MotionBlur,0,3.0,36.18328578820089,35.26990888329627,0.8675,0.8625,0.9356874791076953,0.9283458531771466,0.4131476674137055,0.41708120130749976,119,118
lindau_000031_000019,MotionBlur,0,3.0,32.96150117243619,32.476973349139236,0.82375,0.85375,0.9097271588015541,0.9289315653611232,0.44111562603537346,0.44119517945918685,140,149
munster_000007_000019,MotionBlur,0,3.0,34.30974702631255,33.810296531112556,0.83875,0.86125,0.9339368445258804,0.9404752336615206,0.5108433016472345,0.5130213971880158,144,149
munster_000094_000019,MotionBlur,0,3.0,30.894334175027673,30.532872968370334,0.83875,0.87125,0.9216819687045166,0.9421490856950447,0.42193779545463467,0.4229676976172966,238,238
munster_000139_000019,MotionBlur,0,3.0,31.6030310483178,31.991910899177682,0.8525,0.86375,0.9235494215131631,0.9514699001476729,0.5656980695248861,0.5672944871745756,279,278
munster_000159_000019,MotionBlur,0,3.0,37.950888571160306,36.55549719837956,0.84,0.85375,0.9591195663954635,0.9531813565434866,0.516161217706635,0.5192565007767347,58,62
frankfurt_000000_009688,MotionBlur,1,5.0,29.2389275976694,29.356429677870448,0.65875,0.695,0.5837824454915741,0.706494994000613,0.4767770402847257,0.4798398615344384,61,62
frankfurt_000000_011074,MotionBlur,1,5.0,29.97996394374016,30.224111451441612,0.65625,0.67625,0.7913735593412643,0.8670209813058652,0.4609860979535254,0.46277542165250896,102,105
frankfurt_000000_012868,MotionBlur,1,5.0,26.06066551183046,26.468080988271545,0.62625,0.655,0.7876837033015697,0.8584061901217208,0.4448171472002852,0.44773144766622935,237,238
frankfurt_000000_016005,MotionBlur,1,5.0,27.304795301904974,27.54995488037141,0.64875,0.64625,0.6767528802382992,0.8099229159086726,0.3521387819334222,0.353869480747082,96,99
frankfurt_000000_020321,MotionBlur,1,5.0,26.421994426930535,26.733385608314265,0.6425,0.68375,0.70027587043786,0.7789457462482344,0.4693678614465014,0.47456317902907297,174,176
frankfurt_000000_022254,MotionBlur,1,5.0,26.49448100813729,26.80289374507053,0.6825,0.71375,0.5672474515062645,0.6772550047213223,0.5285806092558933,0.5229483660255487,196,194
frankfurt_000001_010830,MotionBlur,1,5.0,23.966253385710544,24.284965962807043,0.69125,0.735,0.8003873312840696,0.8659023976607043,0.4962918863794352,0.49801394288406053,211,211
frankfurt_000001_021406,MotionBlur,1,5.0,26.257080756580066,26.613751200310464,0.61125,0.67,0.7153556237416145,0.8170454075481888,0.5749375428721498,0.5753847569166662,58,56
frankfurt_000001_046779,MotionBlur,1,5.0,24.830061442819446,25.086658287651172,0.6375,0.65625,0.7618034129754897,0.8195921749365369,0.3928883538745589,0.39717384917568127,216,218
frankfurt_000001_054640,MotionBlur,1,5.0,26.660431331389564,26.969105761104867,0.625,0.64875,0.7611800534977231,0.8248999864357732,0.49718444880326335,0.4982877648201182,220,221
frankfurt_000001_058504,MotionBlur,1,5.0,26.40707187541262,26.669856021248954,0.675,0.6925,0.7408674018849701,0.8104701560091074,0.5012766349399981,0.5037743745941193,159,165
frankfurt_000001_062250,MotionBlur,1,5.0,29.08457364016347,29.406767959842306,0.6525,0.6675,0.716402392596048,0.7996019186147111,0.38083171150367917,0.3898748386968792,125,124
frankfurt_000001_064651,MotionBlur,1,5.0,26.40233864554449,26.609346959578172,0.68125,0.72,0.7501479548143761,0.8146581112340474,0.45987574933142183,0.4687139924499279,189,192
frankfurt_000001_080091,MotionBlur,1,5.0,24.777081216676194,24.978420001947367,0.61625,0.6475,0.7827052024201018,0.8604378144609566,0.45534558000694353,0.4603772615776989,251,256
lindau_000007_000019,MotionBlur,1,5.0,29.77425149838514,29.982160848834226,0.65,0.67125,0.6672390455238595,0.8138851986773271,0.4400785756606728,0.4437360913253401,120,119
lindau_000031_000019,MotionBlur,1,5.0,26.907035979685944,27.177405445570074,0.65875,0.66875,0.7351981921966512,0.8064741427245663,0.40636046581334767,0.44600734834469813,136,141
munster_000007_000019,MotionBlur,1,5.0,27.872441354176974,28.151122494480695,0.67375,0.68,0.7812212621022434,0.8848604387583677,0.5173560819172083,0.5143216341140575,142,148
munster_000094_000019,MotionBlur,1,5.0,24.33376133933134,24.595115077021145,0.6725,0.67875,0.7899153442207676,0.8720792656756314,0.4144857707255115,0.4157448061534362,232,239
munster_000139_000019,MotionBlur,1,5.0,25.624036552970395,25.989599734283082,0.63375,0.645,0.7339115775655973,0.831785182143204,0.5638564028513592,0.5656342618053629,281,282
munster_000159_000019,MotionBlur,1,5.0,31.592473345095154,31.83662038099061,0.635,0.63875,0.880819646368854,0.8950653189636015,0.508909903680155,0.5158705858998243,55,58
frankfurt_000000_009688,MotionBlur,2,9.0,26.179548919467237,26.141820164087267,0.43625,0.45375,0.3410437735507205,0.6197927232412468,0.47997940026402475,0.4868969181268058,72,73
frankfurt_000000_011074,MotionBlur,2,9.0,26.547242450049264,26.64378828117499,0.445,0.485,0.6124244820718147,0.6888769393814976,0.4597694129012761,0.4661860379753708,112,110
frankfurt_000000_012868,MotionBlur,2,9.0,22.535510309758614,22.780153526367492,0.37125,0.4025,0.6116070490910553,0.7332020772601897,0.4148150805355129,0.4276308876978255,248,244
frankfurt_000000_016005,MotionBlur,2,9.0,24.082598809023878,24.19966054340684,0.39375,0.4175,0.40439381672819974,0.6620738152691746,0.32942750436982593,0.3314761864400528,92,92
frankfurt_000000_020321,MotionBlur,2,9.0,23.083996450632213,23.142923572084698,0.39125,0.40125,0.49798019830872503,0.7062927397773098,0.45644590062930857,0.4534142429951998,164,174
frankfurt_000000_022254,MotionBlur,2,9.0,22.48011773776783,22.632138238845542,0.405,0.4575,0.3556446608390953,0.5448376466257882,0.5271413468897274,0.5243328518911378,178,182
frankfurt_000001_010830,MotionBlur,2,9.0,20.43258103600622,20.488700117749033,0.41,0.48,0.6498909011879456,0.759483000646935,0.49786517477530706,0.5007880015349484,217,219
frankfurt_000001_021406,MotionBlur,2,9.0,22.677388015350715,22.814968032033143,0.34125,0.36375,0.49373164600202335,0.6415636336611742,0.5685939701283041,0.5755628954083875,62,58
frankfurt_000001_046779,MotionBlur,2,9.0,21.582731686043637,21.67767437898549,0.405,0.43,0.5767573176165989,0.6963337437188504,0.35563865746446716,0.3926595755058132,235,243
frankfurt_000001_054640,MotionBlur,2,9.0,22.908694846456523,23.114064929428586,0.37875,0.3975,0.50759792451289,0.6710758008841317,0.4951523862491941,0.49999477255499125,216,217
frankfurt_000001_058504,MotionBlur,2,9.0,22.782789097289967,22.91007136010475,0.40375,0.42,0.4829843218174335,0.6199687021257917,0.4968429680073049,0.5007499149958337,167,179
frankfurt_000001_062250,MotionBlur,2,9.0,25.102645646309213,25.174346441205365,0.37375,0.39125,0.4844200309777162,0.6078392776040189,0.36906805368111745,0.37761650659490015,118,119
frankfurt_000001_064651,MotionBlur,2,9.0,23.196034793428044,23.271444850047477,0.415,0.4425,0.5273619832605106,0.6691691721773555,0.456349696888228,0.46971370180999705,188,194
frankfurt_000001_080091,MotionBlur,2,9.0,21.720752547547324,21.738947353092502,0.36375,0.38625,0.582623666983541,0.7150652430917676,0.47117586736010514,0.4823552741154091,264,264
lindau_000007_000019,MotionBlur,2,9.0,26.515992223369906,26.55535194549829,0.46125,0.48,0.3160353820852768,0.6255702121167906,0.43877449245084316,0.4456819565061582,136,124
lindau_000031_000019,MotionBlur,2,9.0,23.320720734461695,23.37318123363898,0.41625,0.43125,0.4744626624481668,0.6719812400140658,0.4109827247133102,0.41869077303868063,135,132
munster_000007_000019,MotionBlur,2,9.0,24.45468484957964,24.550642342544187,0.40875,0.42875,0.6132702124064209,0.7775725988099519,0.5484923980662525,0.5184968613630805,149,153
munster_000094_000019,MotionBlur,2,9.0,21.08227970038576,21.108963898050646,0.39125,0.4125,0.5974367038597607,0.7694271100664274,0.4079882443107352,0.41103290020852995,225,234
munster_000139_000019,MotionBlur,2,9.0,21.510679868324605,21.7102450665194,0.345,0.39375,0.42111320917418277,0.5752577806357221,0.562986025041845,0.5635888649942905,280,282
munster_000159_000019,MotionBlur,2,9.0,28.587629987701426,28.76753236374755,0.3775,0.42875,0.751134197205604,0.855868168028042,0.49328682710341876,0.5089162846498471,58,69
frankfurt_000000_009688,MotionBlur,3,15.0,23.348332667897054,23.057951467487108,0.1475,0.15625,0.11899343627165183,0.41143062534143876,0.47422329053984363,0.47612160670579334,100,100
frankfurt_000000_011074,MotionBlur,3,15.0,22.744598513453873,22.386873609105344,0.16125,0.1925,0.4443410328437306,0.5096418023996312,0.4514716940228848,0.4578150944572005,131,140
frankfurt_000000_012868,MotionBlur,3,15.0,18.909116597479347,18.7703034843171,0.1575,0.15625,0.34736436674142346,0.6004847770053614,0.3860927270170021,0.39555215163651025,268,267
frankfurt_000000_016005,MotionBlur,3,15.0,20.883655504961336,20.643049232863795,0.15,0.165,0.1611147016170917,0.518841976044306,0.3204727820574445,0.34768156425601204,121,130
frankfurt_000000_020321,MotionBlur,3,15.0,20.12116110438409,19.878409530752144,0.1125,0.13125,0.27265751092479507,0.5485115801803935,0.4438484739275805,0.4024427192345138,142,152
frankfurt_000000_022254,MotionBlur,3,15.0,19.125247763369874,18.86802747293914,0.18875,0.18875,0.18629048842653662,0.41220317414003493,0.49833629950253805,0.478349275170161,178,181
frankfurt_000001_010830,MotionBlur,3,15.0,17.31257873120211,16.959914258060124,0.155,0.13875,0.41476761469535034,0.6575180786052471,0.4797915737979585,0.47803871398537406,226,228
frankfurt_000001_021406,MotionBlur,3,15.0,19.374167586932558,19.283252532521313,0.11,0.1225,0.12181982606111286,0.5502231419918145,0.4943367668940856,0.5069377128078281,61,64
frankfurt_000001_046779,MotionBlur,3,15.0,18.564148862333113,18.33300730961234,0.16375,0.1725,0.3017090251219937,0.5425204661843752,0.3474740244745059,0.36228801553349815,250,267
frankfurt_000001_054640,MotionBlur,3,15.0,19.37589496269958,19.246025309704514,0.11,0.11,0.24559030929103734,0.5045440666099874,0.4964273711496892,0.4982477584807027,224,220
frankfurt_000001_058504,MotionBlur,3,15.0,19.557363217929755,19.394873263149627,0.15625,0.1375,0.23500613691517733,0.5117260762640866,0.5477110434632065,0.5485241847028656,207,208
frankfurt_000001_062250,MotionBlur,3,15.0,21.905356720838654,21.545143231188334,0.12125,0.125,0.2715560991201616,0.408769794760862,0.3470468397937072,0.36743458030858545,130,114
frankfurt_000001_064651,MotionBlur,3,15.0,20.17379633230998,19.952997807447534,0.14125,0.16125,0.28902076403942706,0.5454868116482291,0.4496084200762436,0.4567322468254163,204,232
frankfurt_000001_080091,MotionBlur,3,15.0,18.787716779998615,18.393455938178995,0.14,0.14625,0.3545636868429039,0.6195001444195187,0.39993016174680407,0.416905379349289,268,259
lindau_000007_000019,MotionBlur,3,15.0,23.30175522632497,22.9756653179528,0.185,0.19,0.07900697862416575,0.5381940432832371,0.4361186323392392,0.44733022599037897,142,128
lindau_000031_000019,MotionBlur,3,15.0,20.123441990543746,19.900475204869288,0.1525,0.14875,0.23499107723012774,0.5332659772637719,0.3350335808753551,0.37177138828702977,123,146
munster_000007_000019,MotionBlur,3,15.0,21.284708983729384,20.991132840958194,0.14125,0.14875,0.3118497520643562,0.6533739337010961,0.4347702199003817,0.5150709137278686,155,161
munster_000094_000019,MotionBlur,3,15.0,18.10217828665572,17.773170853889965,0.15375,0.14125,0.2785902438020448,0.6245498392307028,0.41027943857505517,0.4143760654206611,241,233
munster_000139_000019,MotionBlur,3,15.0,18.1299852215072,18.05487556026389,0.0975,0.12125,0.16382512179536712,0.40715616967545093,0.5536469066702568,0.5582670437959628,281,276
munster_000159_000019,MotionBlur,3,15.0,24.95025304068154,24.786676271818344,0.1325,0.1525,0.529996471942538,0.6505061798713653,0.45978607799880866,0.48557482906558397,69,80
frankfurt_000000_009688,MotionBlur,4,25.0,21.075690717142926,20.04707733834247,0.02125,0.02375,0.015388144039700577,0.3010826282700702,0.45747668957939497,0.4325539279692091,83,112
frankfurt_000000_011074,MotionBlur,4,25.0,19.53970496005517,18.46971863191683,0.04125,0.04625,0.29297888082786266,0.43453438480776535,0.4188136887971282,0.4223458103572402,170,161
frankfurt_000000_012868,MotionBlur,4,25.0,16.151288500057444,15.424708631820241,0.0225,0.025,0.16843117859466974,0.5162030467861435,0.3545501065420601,0.35035738730361843,278,281
frankfurt_000000_016005,MotionBlur,4,25.0,18.47031595632433,17.62691569741791,0.02375,0.01875,0.02092428327200742,0.4617157075578789,0.3157462037261525,0.3206409861159508,143,145
frankfurt_000000_020321,MotionBlur,4,25.0,17.91964138741425,17.127942176171803,0.01625,0.01625,0.07910546437092185,0.4536398435254904,0.3512134697400647,0.32897403632636923,114,101
frankfurt_000000_022254,MotionBlur,4,25.0,16.909367020923995,16.188071383384713,0.04,0.03625,0.08693443725542352,0.36301830407303415,0.3737893551312747,0.37691977123818293,160,166
frankfurt_000001_010830,MotionBlur,4,25.0,15.017421417482826,14.050008931136148,0.0275,0.02625,0.22068568568599622,0.5756058812329186,0.48503166548469945,0.4459235310417772,234,244
frankfurt_000001_021406,MotionBlur,4,25.0,16.876250376649477,16.27572049367308,0.00875,0.015,0.07907044720434678,0.4478244053750863,0.46754733455877007,0.498366167468921,91,66
frankfurt_000001_046779,MotionBlur,4,25.0,16.174678898887134,15.450923947676952,0.03,0.02875,0.1029898909442228,0.472639234571045,0.3237248530182608,0.33966917374007843,283,292
frankfurt_000001_054640,MotionBlur,4,25.0,16.585774505037637,15.9875158005895,0.0275,0.0225,0.11480057590901101,0.45547167923094595,0.4392085665635489,0.39006912851423764,254,244
frankfurt_000001_058504,MotionBlur,4,25.0,17.008108630888973,16.38997703132986,0.03875,0.0275,0.09035374681587933,0.46766574937338384,0.5282236063497172,0.5277348545639179,204,235
frankfurt_000001_062250,MotionBlur,4,25.0,19.704805563727458,18.842273429258988,0.02625,0.01375,0.1757465774428384,0.30446048307835877,0.3230591621775831,0.36090238626034177,103,95
frankfurt_000001_064651,MotionBlur,4,25.0,17.748500563274035,16.932295591137127,0.03125,0.02625,0.1420729900356664,0.4893223246163122,0.46882519862167876,0.47739341081275055,229,280
frankfurt_000001_080091,MotionBlur,4,25.0,16.60785674076292,15.625817837426172,0.03375,0.02375,0.2131710701624656,0.5531298451051112,0.39795825610611113,0.37029687476152295,268,260
lindau_000007_000019,MotionBlur,4,25.0,20.784834239552072,19.858986850967753,0.03125,0.02625,0.011128691672891754,0.40400663842316353,0.4410059997851991,0.4294145673265533,139,112
lindau_000031_000019,MotionBlur,4,25.0,17.5440777860089,16.772574474240834,0.02875,0.03375,0.10418543672977856,0.43014207456382664,0.3355596490807347,0.311068694319325,120,129
munster_000007_000019,MotionBlur,4,25.0,18.971762520448927,18.122917415573458,0.025,0.01875,0.12685516934601856,0.5324945632874809,0.4376796035461673,0.38360745242815997,145,127
munster_000094_000019,MotionBlur,4,25.0,15.811248577899185,14.977927165309472,0.03625,0.0375,0.10670382815835201,0.528398355927631,0.4043522625274317,0.38404974095425437,211,192
munster_000139_000019,MotionBlur,4,25.0,15.434381059849018,14.910210651275193,0.00625,0.015,0.09319493635683276,0.33955819764158196,0.5024581141380328,0.48842217150043954,281,280
munster_000159_000019,MotionBlur,4,25.0,22.05831875593023,21.41217959756512,0.02875,0.02125,0.2898133837486897,0.5477577078454089,0.47181020926624756,0.4855671185441734,78,40
