distortion,level,class_id,class_name,iou,class_accuracy,gt_pixels,pred_pixels
GaussNoise,5.0,0,road,0.9619691062602101,0.9795421466879979,83055684,82873786
GaussNoise,5.0,1,sidewalk,0.7382326693191544,0.8186208275178803,13341609,12374523
GaussNoise,5.0,2,building,0.8674886070725549,0.9528696024704982,54242339,57024580
GaussNoise,5.0,3,wall,0.3613883293473556,0.4747403272444549,1259181,992735
GaussNoise,5.0,4,fence,0.3845469031380703,0.5668388834459146,2904866,3023624
GaussNoise,5.0,5,pole,0.30502331585353265,0.41139988611374,3268173,2484298
GaussNoise,5.0,6,traffic light,0.3700519743754242,0.40771875332934493,488084,248682
GaussNoise,5.0,7,traffic sign,0.515630409946201,0.5878896417848826,1656714,1206133
GaussNoise,5.0,8,vegetation,0.8689110149280203,0.9396407867307323,37874102,38671021
GaussNoise,5.0,9,terrain,0.5088925194402519,0.5944030807282643,1774905,1353251
GaussNoise,5.0,10,sky,0.9195441329735943,0.9547141538510546,7910794,7855113
GaussNoise,5.0,11,person,0.5566660912161331,0.7174924215961991,3186357,3206757
GaussNoise,5.0,12,rider,0.2036856071774567,0.25557317266529256,378420,193114
GaussNoise,5.0,13,car,0.8745260877031924,0.9395837229490873,13170027,13354086
GaussNoise,5.0,14,truck,0.7828675056611188,0.8413552132507278,866609,793870
GaussNoise,5.0,15,bus,0.6474157138242222,0.7307712772616871,638992,549228
GaussNoise,5.0,16,train,0.32743768090897307,0.5971353387012905,63463,90168
GaussNoise,5.0,17,motorcycle,0.31278431238167037,0.36670148444248035,199132,107348
GaussNoise,5.0,18,bicycle,0.5486671465399275,0.6790547572315275,1474965,1352099
GaussNoise,10.0,0,road,0.9584151366086511,0.9791311573570329,83055684,83117646
GaussNoise,10.0,1,sidewalk,0.7176242645080192,0.797949707565257,13341609,12139292
GaussNoise,10.0,2,building,0.8609208867564655,0.953664129417428,54242339,57572263
GaussNoise,10.0,3,wall,0.3829690320011349,0.4780837703237263,1259181,914726
GaussNoise,10.0,4,fence,0.39154776629027216,0.5600468317643568,2904866,2876944
GaussNoise,10.0,5,pole,0.29790677694664097,0.4066825715774532,3268173,2522429
GaussNoise,10.0,6,traffic light,0.3431998391067445,0.3775968890600798,488084,233217
GaussNoise,10.0,7,traffic sign,0.4976573484953826,0.5595129877576939,1656714,1132872
GaussNoise,10.0,8,vegetation,0.8659274993167302,0.9341647757087416,37874102,38365227
GaussNoise,10.0,9,terrain,0.4754312050353274,0.5612041207839292,1774905,1316296
GaussNoise,10.0,10,sky,0.9183255331776535,0.9576335826719796,7910794,7914256
GaussNoise,10.0,11,person,0.5393679836329551,0.7118866467253984,3186357,3287492
GaussNoise,10.0,12,rider,0.1789108327569866,0.22148406532424292,378420,173862
GaussNoise,10.0,13,car,0.8662191688696859,0.934971507651427,13170027,13358913
GaussNoise,10.0,14,truck,0.7851958332258979,0.8433491920808577,866609,795037
GaussNoise,10.0,15,bus,0.6210929574775333,0.6515511931291784,638992,447672
GaussNoise,10.0,16,train,0.2117674445673049,0.5733734617020941,63463,144755
GaussNoise,10.0,17,motorcycle,0.2683588157037465,0.3454291625655344,199132,125975
GaussNoise,10.0,18,bicycle,0.5396809632347951,0.6631438712105033,1474965,1315542
GaussNoise,20.0,0,road,0.953125948951666,0.979350335613394,83055684,83625813
GaussNoise,20.0,1,sidewalk,0.6882920233827688,0.7627073316269425,13341609,11618183
GaussNoise,20.0,2,building,0.8464198521924515,0.9520190491785393,54242339,58407005
GaussNoise,20.0,3,wall,0.39436606805484886,0.47825531039620195,1259181,870062
GaussNoise,20.0,4,fence,0.3926688418588017,0.5639406430451526,2904866,2905198
GaussNoise,20.0,5,pole,0.27758719850451785,0.37112386645382606,3268173,2314151
GaussNoise,20.0,6,traffic light,0.29168357539004375,0.3136714172150695,488084,189891
GaussNoise,20.0,7,traffic sign,0.4535744502578909,0.5012392000067604,1656714,1004509
GaussNoise,20.0,8,vegetation,0.8484896560106681,0.9208371725882768,37874102,38105263
GaussNoise,20.0,9,terrain,0.45516715987615325,0.5244596189655221,1774905,1201069
GaussNoise,20.0,10,sky,0.9128213344490118,0.9542704562904811,7910794,7908248
GaussNoise,20.0,11,person,0.5057257793800984,0.6978671881399353,3186357,3434253
GaussNoise,20.0,12,rider,0.17036536196054355,0.2170656942022092,378420,185874
GaussNoise,20.0,13,car,0.8560345962020204,0.927110931511378,13170027,13303580
GaussNoise,20.0,14,truck,0.770887289278747,0.815738124113643,866609,757346
GaussNoise,20.0,15,bus,0.7016416108165858,0.7338307834839872,638992,498227
GaussNoise,20.0,16,train,0.24063973913549816,0.3907158501804201,63463,64375
GaussNoise,20.0,17,motorcycle,0.11898721983173849,0.1488660787819135,199132,79648
GaussNoise,20.0,18,bicycle,0.5146568117595152,0.6350516791923876,1474965,1281721
GaussNoise,35.0,0,road,0.9377751700587065,0.9773433447372488,83055684,84678344
GaussNoise,35.0,1,sidewalk,0.6027934179123092,0.6824987151099992,13341609,10869746
GaussNoise,35.0,2,building,0.8151892403798485,0.9437309847571286,54242339,59743288
GaussNoise,35.0,3,wall,0.21788474582408424,0.26760966056508156,1259181,624335
GaussNoise,35.0,4,fence,0.3307157660940686,0.5434450332648735,2904866,3447158
GaussNoise,35.0,5,pole,0.2330611002015541,0.29999758274730254,3268173,1919082
GaussNoise,35.0,6,traffic light,0.24443433742667553,0.2576605666237779,488084,152170
GaussNoise,35.0,7,traffic sign,0.36543206836397585,0.3941235481803136,1656714,783025
GaussNoise,35.0,8,vegetation,0.8070786378422007,0.8867691173245507,37874102,37325251
GaussNoise,35.0,9,terrain,0.3243332890142264,0.39169589358303686,1774905,1063863
GaussNoise,35.0,10,sky,0.9030740809270646,0.9414861517061373,7910794,7784387
GaussNoise,35.0,11,person,0.45870786667252056,0.6721858222415128,3186357,3624722
GaussNoise,35.0,12,rider,0.11601137366408472,0.14070080862533693,378420,133779
GaussNoise,35.0,13,car,0.8263879830849958,0.9010282970566423,13170027,13056099
GaussNoise,35.0,14,truck,0.7311650739611145,0.7637862057744611,866609,700568
GaussNoise,35.0,15,bus,0.5756786298499137,0.5975646017477527,638992,406132
GaussNoise,35.0,16,train,0.01596798882831592,0.046846193845232656,63463,125695
GaussNoise,35.0,17,motorcycle,0.033923149813385935,0.04404616033585762,199132,68194
GaussNoise,35.0,18,bicycle,0.4615061405363404,0.5830816324455157,1474965,1248578
GaussNoise,50.0,0,road,0.9139261149254133,0.9728286988762864,83055684,86151896
GaussNoise,50.0,1,sidewalk,0.4930099170004695,0.5755053981869803,13341609,9910623
GaussNoise,50.0,2,building,0.7813602514844956,0.9349029915542543,54242339,61370323
GaussNoise,50.0,3,wall,0.1477157603340143,0.20345208512517263,1259181,731299
GaussNoise,50.0,4,fence,0.27687992386136256,0.47420948160775744,2904866,3447784
GaussNoise,50.0,5,pole,0.19964492191011082,0.2439870839150804,3268173,1523270
GaussNoise,50.0,6,traffic light,0.2107624642087552,0.21942944247301693,488084,127171
GaussNoise,50.0,7,traffic sign,0.2910892188690543,0.3069244299257446,1656714,598611
GaussNoise,50.0,8,vegetation,0.7678367728002579,0.853057849397987,37874102,36512391
GaussNoise,50.0,9,terrain,0.28372963550077285,0.323704085570777,1774905,824609
GaussNoise,50.0,10,sky,0.8925502274240139,0.9257872218642023,7910794,7618296
GaussNoise,50.0,11,person,0.4159605547512987,0.6342070270217681,3186357,3692630
GaussNoise,50.0,12,rider,0.05973119759510982,0.07225040959780138,378420,106655
GaussNoise,50.0,13,car,0.787998613127902,0.8642247278612261,13170027,12655850
GaussNoise,50.0,14,truck,0.590948419372878,0.6328667253628799,866609,609920
GaussNoise,50.0,15,bus,0.45170548982431086,0.4593343891629316,638992,304303
GaussNoise,50.0,16,train,0.0046912392215455135,0.011676094732363739,63463,95232
GaussNoise,50.0,17,motorcycle,0.020228853530070288,0.04428218468151779,199132,245598
GaussNoise,50.0,18,bicycle,0.3921942104021567,0.5162414023383606,1474965,1227955
SevereJPEG,80.0,0,road,0.9611691839674512,0.9795773519847238,83055684,82950137
SevereJPEG,80.0,1,sidewalk,0.7294847826254718,0.8077234162686074,13341609,12207243
SevereJPEG,80.0,2,building,0.8672587952040698,0.9491869626049865,54242339,56610284
SevereJPEG,80.0,3,wall,0.3643180480870624,0.4966251873241416,1259181,1082630
SevereJPEG,80.0,4,fence,0.3866354142202488,0.5752275664350782,2904866,3087888
SevereJPEG,80.0,5,pole,0.2989175451636998,0.40458415145097887,3268173,2477542
SevereJPEG,80.0,6,traffic light,0.38924886717539225,0.4322534645675744,488084,264900
SevereJPEG,80.0,7,traffic sign,0.5187130555919983,0.5942443897981184,1656714,1225732
SevereJPEG,80.0,8,vegetation,0.8657094798129209,0.9418659483992519,37874102,39004112
SevereJPEG,80.0,9,terrain,0.5011555029937382,0.5930565297861012,1774905,1378098
SevereJPEG,80.0,10,sky,0.9196996606983168,0.9513783319348222,7910794,7798642
SevereJPEG,80.0,11,person,0.5654103223802586,0.7175605244484532,3186357,3143843
SevereJPEG,80.0,12,rider,0.22473348602953455,0.28806352729771156,378420,215648
SevereJPEG,80.0,13,car,0.8726298654029334,0.9393395321057428,13170027,13377932
SevereJPEG,80.0,14,truck,0.7732704252142543,0.8396981799173561,866609,802136
SevereJPEG,80.0,15,bus,0.5510143985843351,0.6237448982146881,638992,482911
SevereJPEG,80.0,16,train,0.24247464331291088,0.6317224209381844,63463,141969
SevereJPEG,80.0,17,motorcycle,0.3641324658366915,0.40612257196231644,199132,103835
SevereJPEG,80.0,18,bicycle,0.5413315556089493,0.6843165770035221,1474965,1398934
SevereJPEG,60.0,0,road,0.9598869471990557,0.9789056580402131,83055684,82949302
SevereJPEG,60.0,1,sidewalk,0.7213584439012541,0.7957546200012308,13341609,11992613
SevereJPEG,60.0,2,building,0.8640921421421993,0.9477396798836422,54242339,56658490
SevereJPEG,60.0,3,wall,0.366283329739083,0.4545684853885184,1259181,875884
SevereJPEG,60.0,4,fence,0.3862457383073897,0.58445518657315,2904866,3188452
SevereJPEG,60.0,5,pole,0.29892028136333876,0.4060960053216277,3268173,2498972
SevereJPEG,60.0,6,traffic light,0.37838113819952224,0.42514813023987674,488084,267834
SevereJPEG,60.0,7,traffic sign,0.5116677225378297,0.5947550391920392,1656714,1254365
SevereJPEG,60.0,8,vegetation,0.8618370834153367,0.9402371044995338,37874102,39055986
SevereJPEG,60.0,9,terrain,0.5215671173808184,0.6204236283068671,1774905,1437604
SevereJPEG,60.0,10,sky,0.9201400198858549,0.9516497332631845,7910794,7799206
SevereJPEG,60.0,11,person,0.5584107120800585,0.7108390553851938,3186357,3134761
SevereJPEG,60.0,12,rider,0.22077135466149161,0.2879974631361979,378420,224215
SevereJPEG,60.0,13,car,0.8704069093158626,0.9391790920398265,13170027,13409598
SevereJPEG,60.0,14,truck,0.7769213337580516,0.8387023444252252,866609,795740
SevereJPEG,60.0,15,bus,0.6031674928405308,0.6700991561709693,638992,499095
SevereJPEG,60.0,16,train,0.19844365574914932,0.6405149457164017,63463,182025
SevereJPEG,60.0,17,motorcycle,0.3761672559894892,0.4284595142920274,199132,113002
SevereJPEG,60.0,18,bicycle,0.5355602796062238,0.6839016519036045,1474965,1417272
SevereJPEG,40.0,0,road,0.9593004118301306,0.9784575369940967,83055684,82925073
SevereJPEG,40.0,1,sidewalk,0.7136990300710416,0.7915519035222813,13341609,12015927
SevereJPEG,40.0,2,building,0.8599797355584885,0.9445304893655121,54242339,56566495
SevereJPEG,40.0,3,wall,0.3595975372675531,0.44686665380116125,1259181,868271
SevereJPEG,40.0,4,fence,0.37944701480993026,0.581798265393309,2904866,3239151
SevereJPEG,40.0,5,pole,0.29079671629293213,0.3959294688500272,3268173,2475520
SevereJPEG,40.0,6,traffic light,0.3480546258449073,0.39288319223740176,488084,254624
SevereJPEG,40.0,7,traffic sign,0.5009282986812136,0.5773332029547646,1656714,1209169
SevereJPEG,40.0,8,vegetation,0.8553091298540331,0.9383330593554403,37874102,39214920
SevereJPEG,40.0,9,terrain,0.4864090403641997,0.576690020029241,1774905,1353005
SevereJPEG,40.0,10,sky,0.9196194024283001,0.9504597136520051,7910794,7784187
SevereJPEG,40.0,11,person,0.5546516596795336,0.7116412253868603,3186357,3169415
SevereJPEG,40.0,12,rider,0.2365090124361936,0.31625971143174253,378420,247282
SevereJPEG,40.0,13,car,0.8634008556836751,0.9350527527392313,13170027,13407624
SevereJPEG,40.0,14,truck,0.7544512362760352,0.8264776848613389,866609,798967
SevereJPEG,40.0,15,bus,0.6406387137659061,0.6739583594160803,638992,463888
SevereJPEG,40.0,16,train,0.1705782683106917,0.6297685265430251,63463,210807
SevereJPEG,40.0,17,motorcycle,0.37578641822345005,0.4310356949159352,199132,115110
SevereJPEG,40.0,18,bicycle,0.5214401560995198,0.6761651971402711,1474965,1434981
SevereJPEG,20.0,0,road,0.9462627848367283,0.9741035423897056,83055684,83348484
SevereJPEG,20.0,1,sidewalk,0.623193542821768,0.6904025593914497,13341609,10649922
SevereJPEG,20.0,2,building,0.843730611140929,0.9315449320870915,54242339,56174644
SevereJPEG,20.0,3,wall,0.30045873365288245,0.39402039897361857,1259181,888247
SevereJPEG,20.0,4,fence,0.33359100347443515,0.5865162110747966,2904866,3906190
SevereJPEG,20.0,5,pole,0.2647702535844244,0.37149593978042167,3268173,2531474
SevereJPEG,20.0,6,traffic light,0.36010681320146604,0.42051982855410136,488084,287132
SevereJPEG,20.0,7,traffic sign,0.46180830658152383,0.5298488453649816,1656714,1121900
SevereJPEG,20.0,8,vegetation,0.8218545657514938,0.9176063105073752,37874102,39166110
SevereJPEG,20.0,9,terrain,0.3772370258839888,0.5111405962572645,1774905,1537244
SevereJPEG,20.0,10,sky,0.9155309808425822,0.9443265745511765,7910794,7719186
SevereJPEG,20.0,11,person,0.5150945506539472,0.6822000799031621,3186357,3207442
SevereJPEG,20.0,12,rider,0.21087447105935675,0.29459066645526133,378420,261710
SevereJPEG,20.0,13,car,0.8581784881891118,0.9395513008439542,13170027,13622703
SevereJPEG,20.0,14,truck,0.764141987096437,0.8099027358358845,866609,753766
SevereJPEG,20.0,15,bus,0.5584009064940124,0.5876661992638406,638992,409003
SevereJPEG,20.0,16,train,0.045239598772095865,0.43912200809920743,63463,580414
SevereJPEG,20.0,17,motorcycle,0.24385705685984788,0.2685254002370287,199132,73616
SevereJPEG,20.0,18,bicycle,0.48125761014838364,0.6586651208672748,1474965,1515229
SevereJPEG,5.0,0,road,0.862787969287964,0.945440121834407,83055684,86480628
SevereJPEG,5.0,1,sidewalk,0.21712261421784482,0.24861956305270227,13341609,5252389
SevereJPEG,5.0,2,building,0.6879738042114425,0.8988411248268626,54242339,65380786
SevereJPEG,5.0,3,wall,0.1356908961451137,0.2309540884114357,1259181,1174834
SevereJPEG,5.0,4,fence,0.17138023055044066,0.5306169028106632,2904866,7630372
SevereJPEG,5.0,5,pole,0.17938004030275578,0.2930462983446715,3268173,3028642
SevereJPEG,5.0,6,traffic light,0.18539014193129388,0.22458429286762116,488084,212804
SevereJPEG,5.0,7,traffic sign,0.2640331845558382,0.3043301378511922,1656714,757037
SevereJPEG,5.0,8,vegetation,0.6175831136950819,0.7154564351123097,37874102,33099481
SevereJPEG,5.0,9,terrain,0.04394174499236581,0.05178981410272662,1774905,408923
SevereJPEG,5.0,10,sky,0.7987192037261582,0.821933550538669,7910794,6732070
SevereJPEG,5.0,11,person,0.22488797798277346,0.2626796055809189,3186357,1372447
SevereJPEG,5.0,12,rider,0.08419624366207241,0.0934675757095291,378420,77040
SevereJPEG,5.0,13,car,0.6921910268911385,0.8002656334721258,13170027,12595810
SevereJPEG,5.0,14,truck,0.1769371163099386,0.3814684592474807,866609,1332345
SevereJPEG,5.0,15,bus,0.22772957105006125,0.2641738863710344,638992,271065
SevereJPEG,5.0,16,train,0.0,0.0,63463,590673
SevereJPEG,5.0,17,motorcycle,0.23239386192921024,0.32595966494586504,199132,145083
SevereJPEG,5.0,18,bicycle,0.2805973876681082,0.39916201401389184,1474965,1211987
LowLight,0.8,0,road,0.9611058399454312,0.9792897015934514,83055684,82906967
LowLight,0.8,1,sidewalk,0.7313953063338094,0.8098705336065537,13341609,12236467
LowLight,0.8,2,building,0.8676946860941661,0.9491227692080166,54242339,56572966
LowLight,0.8,3,wall,0.3621443684560119,0.48105157241095603,1259181,1019173
LowLight,0.8,4,fence,0.39147833946599786,0.5797052256455203,2904866,3080656
LowLight,0.8,5,pole,0.3019983529759225,0.40799370167980703,3268173,2480457
LowLight,0.8,6,traffic light,0.40048123461570373,0.44501151441145376,488084,271474
LowLight,0.8,7,traffic sign,0.5198295848440545,0.5942715519999228,1656714,1221787
LowLight,0.8,8,vegetation,0.865809880135968,0.9418600340676064,37874102,38998851
LowLight,0.8,9,terrain,0.5104935608921298,0.6127680073017993,1774905,1443197
LowLight,0.8,10,sky,0.9190929848235938,0.9505000383020971,7910794,7789536
LowLight,0.8,11,person,0.5666438714646863,0.7203288897006832,3186357,3159428
LowLight,0.8,12,rider,0.22378324239167857,0.2834073251942286,378420,208072
LowLight,0.8,13,car,0.8750138132050781,0.9409317839667299,13170027,13384243
LowLight,0.8,14,truck,0.7903318127044242,0.8476325540122477,866609,797397
LowLight,0.8,15,bus,0.590104632724721,0.6790757943761424,638992,530266
LowLight,0.8,16,train,0.2614906260682075,0.6268061705245577,63463,128440
LowLight,0.8,17,motorcycle,0.38403657195558866,0.43494265110579916,199132,113007
LowLight,0.8,18,bicycle,0.5455975852890222,0.6909404629940371,1474965,1412032
LowLight,0.6,0,road,0.9598809012655276,0.9790296712263546,83055684,82970866
LowLight,0.6,1,sidewalk,0.7244924815221384,0.8028213088841084,13341609,12153362
LowLight,0.6,2,building,0.8669699824506137,0.9494576920807195,54242339,56661684
LowLight,0.6,3,wall,0.36549615927261325,0.4851192957962358,1259181,1022970
LowLight,0.6,4,fence,0.39009734656694905,0.5750643919547408,2904866,3047845
LowLight,0.6,5,pole,0.3009646902778023,0.40629795301533916,3268173,2471665
LowLight,0.6,6,traffic light,0.39475256406699405,0.43726284819826094,488084,265982
LowLight,0.6,7,traffic sign,0.5200017006215241,0.5906082763832502,1656714,1203420
LowLight,0.6,8,vegetation,0.8653943245820291,0.9416155398219078,37874102,38998675
LowLight,0.6,9,terrain,0.5176172394017846,0.6178595474123967,1774905,1440372
LowLight,0.6,10,sky,0.9169253469870243,0.9479769034562144,7910794,7767148
LowLight,0.6,11,person,0.5651311794314842,0.7178919374068882,3186357,3148765
LowLight,0.6,12,rider,0.22720813623265218,0.28774113418952485,378420,209706
LowLight,0.6,13,car,0.8737701690648668,0.9392193349337856,13170027,13356036
LowLight,0.6,14,truck,0.7770954068796189,0.8421964230696889,866609,802455
LowLight,0.6,15,bus,0.5683685345339481,0.6740757317775496,638992,549571
LowLight,0.6,16,train,0.24892478226444972,0.6192427083497472,63463,133711
LowLight,0.6,17,motorcycle,0.3796447255267307,0.425652331117048,199132,108893
LowLight,0.6,18,bicycle,0.5433962863289592,0.6961182129745451,1474965,1441290
LowLight,0.4,0,road,0.9592536776403973,0.9789878077459455,83055684,83019155
LowLight,0.4,1,sidewalk,0.7227614715371738,0.8012540316539032,13341609,12138929
LowLight,0.4,2,building,0.865463889011305,0.9503836477258106,54242339,56873318
LowLight,0.4,3,wall,0.35974626775698954,0.47867860140837576,1259181,1019029
LowLight,0.4,4,fence,0.3856992789625997,0.5610778603901179,2904866,2950707
LowLight,0.4,5,pole,0.29827341795985685,0.4032855665841435,3268173,2468622
LowLight,0.4,6,traffic light,0.3700470226733088,0.40711434916940525,488084,247597
LowLight,0.4,7,traffic sign,0.5098634245895388,0.5778559244383762,1656714,1178272
LowLight,0.4,8,vegetation,0.8640076391464987,0.940773486853893,37874102,38996011
LowLight,0.4,9,terrain,0.5208379495266797,0.6211194401953908,1774905,1444166
LowLight,0.4,10,sky,0.9150952601245064,0.9436887119042665,7910794,7712511
LowLight,0.4,11,person,0.5628595841781968,0.7115797131332113,3186357,3109254
LowLight,0.4,12,rider,0.23898310654010604,0.30751281644733364,378420,224883
LowLight,0.4,13,car,0.8727906759695798,0.9372864611439293,13170027,13317301
LowLight,0.4,14,truck,0.765300313426153,0.828363194935663,866609,789278
LowLight,0.4,15,bus,0.5946036438902571,0.7031308686180735,638992,565924
LowLight,0.4,16,train,0.24321513786635704,0.6007122260214613,63463,131406
LowLight,0.4,17,motorcycle,0.355007172822019,0.3939447200851696,199132,100288
LowLight,0.4,18,bicycle,0.532654313335993,0.6933778089649585,1474965,1467765
LowLight,0.25,0,road,0.9583982464152391,0.9782736964757283,83055684,82973616
LowLight,0.25,1,sidewalk,0.7177078449421673,0.800399711908811,13341609,12215795
LowLight,0.25,2,building,0.8623825470764143,0.9481316799410143,54242339,56822349
LowLight,0.25,3,wall,0.3770179426744169,0.529221771929532,1259181,1174723
LowLight,0.25,4,fence,0.3816286598819594,0.5491616480760214,2904866,2870462
LowLight,0.25,5,pole,0.2892972383743732,0.3949815386149999,3268173,2484777
LowLight,0.25,6,traffic light,0.3383595568382832,0.3723047672122012,488084,230682
LowLight,0.25,7,traffic sign,0.4940828339235207,0.5590470050956291,1656714,1144013
LowLight,0.25,8,vegetation,0.8589565441151265,0.9381094236900983,37874102,39020152
LowLight,0.25,9,terrain,0.4993473386702776,0.6000383119096515,1774905,1422912
LowLight,0.25,10,sky,0.9107089126685747,0.9362350985248763,7910794,7628094
LowLight,0.25,11,person,0.5487754156804086,0.6998148669467985,3186357,3106841
LowLight,0.25,12,rider,0.23739962256255243,0.3088208868453042,378420,230711
LowLight,0.25,13,car,0.8679471829440524,0.932483965294832,13170027,13260105
LowLight,0.25,14,truck,0.7760499533065855,0.8285039735336236,866609,776564
LowLight,0.25,15,bus,0.55609528766659,0.7189557928737762,638992,646545
LowLight,0.25,16,train,0.21729912958547584,0.5959693049493405,63463,148414
LowLight,0.25,17,motorcycle,0.29774519595370214,0.36080589759556475,199132,114023
LowLight,0.25,18,bicycle,0.5128837367464288,0.6800147800117291,1474965,1483638
LowLight,0.1,0,road,0.9421369683591111,0.9698413295831746,83055684,82993160
LowLight,0.1,1,sidewalk,0.6389901459001915,0.744238719632692,13341609,12126849
LowLight,0.1,2,building,0.839258274038127,0.9425478683727115,54242339,57801740
LowLight,0.1,3,wall,0.3758429655892526,0.4993936534938186,1259181,1042757
LowLight,0.1,4,fence,0.31715086754982386,0.4991183758562357,2904866,3116559
LowLight,0.1,5,pole,0.25165542344178626,0.3421171400657187,3268173,2292897
LowLight,0.1,6,traffic light,0.2289074314314007,0.24438416338171298,488084,152280
LowLight,0.1,7,traffic sign,0.4167853104302407,0.4671971142876803,1656714,974398
LowLight,0.1,8,vegetation,0.8321499986757106,0.9191494494047674,37874102,38771614
LowLight,0.1,9,terrain,0.37698197511130527,0.4414202450271986,1774905,1086867
LowLight,0.1,10,sky,0.8985923155204262,0.9182974553502468,7910794,7437937
LowLight,0.1,11,person,0.48690000954351725,0.6564788565750793,3186357,3201529
LowLight,0.1,12,rider,0.21269340487030775,0.29751334496062576,378420,263495
LowLight,0.1,13,car,0.8415165030292184,0.9194060118479636,13170027,13327600
LowLight,0.1,14,truck,0.749700305864309,0.7851545506681791,866609,721405
LowLight,0.1,15,bus,0.4696307249853,0.6312129103337757,638992,623193
LowLight,0.1,16,train,0.11270003705206698,0.6038951830200274,63463,314924
LowLight,0.1,17,motorcycle,0.15844228876704625,0.1867655625414298,199132,72788
LowLight,0.1,18,bicycle,0.4805856366252053,0.639821283894872,1474965,1432424
MotionBlur,3.0,0,road,0.9609633902434777,0.9792423357804145,83055684,82911484
MotionBlur,3.0,1,sidewalk,0.7305021830512881,0.8086198598684762,13341609,12215001
MotionBlur,3.0,2,building,0.866972753597772,0.9478481375959839,54242339,56473486
MotionBlur,3.0,3,wall,0.3589205334607745,0.4771545949311497,1259181,1015618
MotionBlur,3.0,4,fence,0.38588754287106247,0.5758812971063036,2904866,3103084
MotionBlur,3.0,5,pole,0.3013805985300686,0.40878435749882275,3268173,2500665
MotionBlur,3.0,6,traffic light,0.3997679157287667,0.4453762057350784,488084,273065
MotionBlur,3.0,7,traffic sign,0.5178711270383421,0.5951504001294128,1656714,1233217
MotionBlur,3.0,8,vegetation,0.864947260854091,0.9426742579929683,37874102,39106432
MotionBlur,3.0,9,terrain,0.5040014267238292,0.6066409188097391,1774905,1438188
MotionBlur,3.0,10,sky,0.9193893893134812,0.9502052512048728,7910794,7782030
MotionBlur,3.0,11,person,0.5673142556713152,0.7219972526618957,3186357,3169328
MotionBlur,3.0,12,rider,0.2145567746320877,0.27192273135669365,378420,204079
MotionBlur,3.0,13,car,0.8748286947681367,0.9410024747861185,13170027,13389235
MotionBlur,3.0,14,truck,0.7883087643604363,0.8500765627866778,866609,804587
MotionBlur,3.0,15,bus,0.6024297155607671,0.662507511831134,638992,487061
MotionBlur,3.0,16,train,0.255884803500671,0.633944187952035,63463,133996
MotionBlur,3.0,17,motorcycle,0.3755535754658013,0.42543137215515336,199132,111164
MotionBlur,3.0,18,bicycle,0.542060667247553,0.6858108497489771,1474965,1402696
MotionBlur,5.0,0,road,0.9577305163112719,0.9777184545250389,83055684,82938456
MotionBlur,5.0,1,sidewalk,0.7097195572931208,0.7888114544505089,13341609,12010817
MotionBlur,5.0,2,building,0.8662256446054664,0.9447223136893119,54242339,56159345
MotionBlur,5.0,3,wall,0.3259084558648219,0.4722267886824849,1259181,1159935
MotionBlur,5.0,4,fence,0.37777932690865146,0.5764610140364478,2904866,3202269
MotionBlur,5.0,5,pole,0.29815489151680563,0.4060651012048628,3268173,2509930
MotionBlur,5.0,6,traffic light,0.3935043840657162,0.44126420861982774,488084,274613
MotionBlur,5.0,7,traffic sign,0.5156581063606133,0.5865731804041011,1656714,1199621
MotionBlur,5.0,8,vegetation,0.8616807968676998,0.9420703888900125,37874102,39213494
MotionBlur,5.0,9,terrain,0.5019081143594041,0.6034655375921528,1774905,1430233
MotionBlur,5.0,10,sky,0.9160531432694341,0.9480373272265717,7910794,7775935
MotionBlur,5.0,11,person,0.5651153010185556,0.7223870394936914,3186357,3188547
MotionBlur,5.0,12,rider,0.22356548167514556,0.28788383277839436,378420,217810
MotionBlur,5.0,13,car,0.8715838357698255,0.9421047504306559,13170027,13473148
MotionBlur,5.0,14,truck,0.7875240418996142,0.8514058820067643,866609,808133
MotionBlur,5.0,15,bus,0.6039889175597434,0.6956252973433157,638992,541446
MotionBlur,5.0,16,train,0.27223517991722057,0.6363550415202559,63463,125268
MotionBlur,5.0,17,motorcycle,0.36480249672701304,0.4155936765562541,199132,110483
MotionBlur,5.0,18,bicycle,0.5350821138561189,0.6829511208740546,1474965,1414933
MotionBlur,9.0,0,road,0.9554794220555183,0.9770826160434727,83055684,83030137
MotionBlur,9.0,1,sidewalk,0.6945914571840064,0.7752067235668502,13341609,11890951
MotionBlur,9.0,2,building,0.8620709215513839,0.9402689843444989,54242339,55922687
MotionBlur,9.0,3,wall,0.31522851041110517,0.46889446394124434,1259181,1204242
MotionBlur,9.0,4,fence,0.35583891546086677,0.547901693227846,2904866,3159472
MotionBlur,9.0,5,pole,0.2892662094789576,0.39587959388930755,3268173,2498337
MotionBlur,9.0,6,traffic light,0.37781724778664333,0.42492480802484817,488084,268255
MotionBlur,9.0,7,traffic sign,0.5029372087677209,0.5718114291301939,1656714,1174205
MotionBlur,9.0,8,vegetation,0.8569313301276688,0.9430561812396239,37874102,39523897
MotionBlur,9.0,9,terrain,0.49947967141559896,0.5900512985202024,1774905,1369132
MotionBlur,9.0,10,sky,0.9130073507707801,0.9450458449556391,7910794,7753662
MotionBlur,9.0,11,person,0.561004222046559,0.7183033790626725,3186357,3182189
MotionBlur,9.0,12,rider,0.21627613754425604,0.28330162253580676,378420,224482
MotionBlur,9.0,13,car,0.8685084653625111,0.9428254019524789,13170027,13543975
MotionBlur,9.0,14,truck,0.7767473159782744,0.84178331865928,866609,802057
MotionBlur,9.0,15,bus,0.6025999092199046,0.6918584270225605,638992,536741
MotionBlur,9.0,16,train,0.25134914559384547,0.6260183098813482,63463,134329
MotionBlur,9.0,17,motorcycle,0.3420673478173017,0.3910622099913625,199132,106395
MotionBlur,9.0,18,bicycle,0.5230758177345249,0.676228249483886,1474965,1429271
MotionBlur,15.0,0,road,0.9493712489675056,0.9740366836302257,83055684,83057137
MotionBlur,15.0,1,sidewalk,0.6563298876964436,0.7470712115757552,13341609,11811685
MotionBlur,15.0,2,building,0.8493208825185832,0.9360268553315888,54242339,56309810
MotionBlur,15.0,3,wall,0.31021348814532007,0.462342586173076,1259181,1199677
MotionBlur,15.0,4,fence,0.333877146417683,0.5185223690180545,2904866,3112726
MotionBlur,15.0,5,pole,0.26066440840471433,0.35271419230254947,3268173,2306838
MotionBlur,15.0,6,traffic light,0.33818885211770633,0.37540054580768883,488084,236932
MotionBlur,15.0,7,traffic sign,0.4705747723542098,0.53365517524449,1656714,1106196
MotionBlur,15.0,8,vegetation,0.845367490977443,0.9378307900211073,37874102,39662034
MotionBlur,15.0,9,terrain,0.47619860239351375,0.5597009417405439,1774905,1304649
MotionBlur,15.0,10,sky,0.903602847883531,0.9346539677306728,7910794,7665699
MotionBlur,15.0,11,person,0.5436949017933765,0.6986932098317923,3186357,3134663
MotionBlur,15.0,12,rider,0.20448769792748694,0.28195655620738863,378420,250060
MotionBlur,15.0,13,car,0.8559059575467172,0.9400178146939259,13170027,13674309
MotionBlur,15.0,14,truck,0.7591027535258563,0.815177317567669,866609,770456
MotionBlur,15.0,15,bus,0.6726626749601923,0.7060667426196259,638992,482903
MotionBlur,15.0,16,train,0.1904279991566519,0.42695743976805384,63463,105923
MotionBlur,15.0,17,motorcycle,0.2377210391746679,0.2670690798063596,199132,77766
MotionBlur,15.0,18,bicycle,0.46985521525036894,0.6414864081520578,1474965,1484953
MotionBlur,25.0,0,road,0.928427115364553,0.9557787519996825,83055684,81829694
MotionBlur,25.0,1,sidewalk,0.5802901785219007,0.7252892061219902,13341609,13010237
MotionBlur,25.0,2,building,0.8257354018863816,0.9360347827183485,54242339,58018253
MotionBlur,25.0,3,wall,0.31362640916295526,0.4528816746758409,1259181,1129357
MotionBlur,25.0,4,fence,0.30074171604515576,0.4659671048509639,2904866,2949485
MotionBlur,25.0,5,pole,0.20004991510206535,0.2607141666001157,3268173,1843118
MotionBlur,25.0,6,traffic light,0.25687008103343895,0.275567320379279,488084,170027
MotionBlur,25.0,7,traffic sign,0.38957277296431125,0.4384745948908502,1656714,934389
MotionBlur,25.0,8,vegetation,0.8225821228732879,0.9235797062594382,37874102,39629978
MotionBlur,25.0,9,terrain,0.46092958881881274,0.5495792732568785,1774905,1316815
MotionBlur,25.0,10,sky,0.878069239046414,0.909089277258389,7910794,7471087
MotionBlur,25.0,11,person,0.4856807429523718,0.6267103780273209,3186357,2922162
MotionBlur,25.0,12,rider,0.17376327317791615,0.24380582421647903,378420,244799
MotionBlur,25.0,13,car,0.8277839512976456,0.9169836174215892,13170027,13495864
MotionBlur,25.0,14,truck,0.750096538147441,0.8002086292664858,866609,751364
MotionBlur,25.0,15,bus,0.6632615610472229,0.6957254550917695,638992,475839
MotionBlur,25.0,16,train,0.0,0.0,63463,5356
MotionBlur,25.0,17,motorcycle,0.044198743949903835,0.07305204587911536,199132,144542
MotionBlur,25.0,18,bicycle,0.3635200075567048,0.5218361113653545,1474965,1412050
