distortion,level,condition,class_id,class_name,iou,class_accuracy,gt_pixels,pred_pixels
GaussNoise,5.0,distorted,0,road,0.9619691062602101,0.9795421466879979,83055684,82873786
GaussNoise,5.0,distorted,1,sidewalk,0.7382326693191544,0.8186208275178803,13341609,12374523
GaussNoise,5.0,distorted,2,building,0.8674886070725549,0.9528696024704982,54242339,57024580
GaussNoise,5.0,distorted,3,wall,0.3613883293473556,0.4747403272444549,1259181,992735
GaussNoise,5.0,distorted,4,fence,0.3845469031380703,0.5668388834459146,2904866,3023624
GaussNoise,5.0,distorted,5,pole,0.30502331585353265,0.41139988611374,3268173,2484298
GaussNoise,5.0,distorted,6,traffic light,0.3700519743754242,0.40771875332934493,488084,248682
GaussNoise,5.0,distorted,7,traffic sign,0.515630409946201,0.5878896417848826,1656714,1206133
GaussNoise,5.0,distorted,8,vegetation,0.8689110149280203,0.9396407867307323,37874102,38671021
GaussNoise,5.0,distorted,9,terrain,0.5088925194402519,0.5944030807282643,1774905,1353251
GaussNoise,5.0,distorted,10,sky,0.9195441329735943,0.9547141538510546,7910794,7855113
GaussNoise,5.0,distorted,11,person,0.5566660912161331,0.7174924215961991,3186357,3206757
GaussNoise,5.0,distorted,12,rider,0.2036856071774567,0.25557317266529256,378420,193114
GaussNoise,5.0,distorted,13,car,0.8745260877031924,0.9395837229490873,13170027,13354086
GaussNoise,5.0,distorted,14,truck,0.7828675056611188,0.8413552132507278,866609,793870
GaussNoise,5.0,distorted,15,bus,0.6474157138242222,0.7307712772616871,638992,549228
GaussNoise,5.0,distorted,16,train,0.32743768090897307,0.5971353387012905,63463,90168
GaussNoise,5.0,distorted,17,motorcycle,0.31278431238167037,0.36670148444248035,199132,107348
GaussNoise,5.0,distorted,18,bicycle,0.5486671465399275,0.6790547572315275,1474965,1352099
GaussNoise,5.0,restored,0,road,0.9271206302299992,0.9562826789795627,83055684,82037181
GaussNoise,5.0,restored,1,sidewalk,0.5688259637931947,0.6808266529172006,13341609,11710259
GaussNoise,5.0,restored,2,building,0.8278092250272059,0.9324476586453988,54242339,57434593
GaussNoise,5.0,restored,3,wall,0.25529013812632595,0.4453331173199087,1259181,1498114
GaussNoise,5.0,restored,4,fence,0.337281585904958,0.502137103742479,2904866,2878473
GaussNoise,5.0,restored,5,pole,0.2526326960803316,0.36491672870438624,3268173,2645169
GaussNoise,5.0,restored,6,traffic light,0.3458637122932624,0.41529736684669033,488084,300685
GaussNoise,5.0,restored,7,traffic sign,0.4116131367453008,0.4681351156566553,1656714,1003063
GaussNoise,5.0,restored,8,vegetation,0.8102435253402089,0.8926643066019097,37874102,37661544
GaussNoise,5.0,restored,9,terrain,0.35609371412153895,0.5390891343480355,1774905,1868950
GaussNoise,5.0,restored,10,sky,0.8907961982025803,0.9301882971544955,7910794,7708353
GaussNoise,5.0,restored,11,person,0.49807064855541855,0.740713297348665,3186357,3912459
GaussNoise,5.0,restored,12,rider,0.09946216195742746,0.12837852121980867,378420,158598
GaussNoise,5.0,restored,13,car,0.8319738000386709,0.9291759994113907,13170027,13775970
GaussNoise,5.0,restored,14,truck,0.6951440230676365,0.8039634944940567,866609,832383
GaussNoise,5.0,restored,15,bus,0.4669665874740939,0.7228572501690163,638992,812058
GaussNoise,5.0,restored,16,train,0.007630337018552273,0.05844350251327545,63463,426332
GaussNoise,5.0,restored,17,motorcycle,0.19447933190419006,0.2838268083482313,199132,148004
GaussNoise,5.0,restored,18,bicycle,0.3913319515139096,0.46093975111273827,1474965,942228
GaussNoise,10.0,distorted,0,road,0.9584151366086511,0.9791311573570329,83055684,83117646
GaussNoise,10.0,distorted,1,sidewalk,0.7176242645080192,0.797949707565257,13341609,12139292
GaussNoise,10.0,distorted,2,building,0.8609208867564655,0.953664129417428,54242339,57572263
GaussNoise,10.0,distorted,3,wall,0.3829690320011349,0.4780837703237263,1259181,914726
GaussNoise,10.0,distorted,4,fence,0.39154776629027216,0.5600468317643568,2904866,2876944
GaussNoise,10.0,distorted,5,pole,0.29790677694664097,0.4066825715774532,3268173,2522429
GaussNoise,10.0,distorted,6,traffic light,0.3431998391067445,0.3775968890600798,488084,233217
GaussNoise,10.0,distorted,7,traffic sign,0.4976573484953826,0.5595129877576939,1656714,1132872
GaussNoise,10.0,distorted,8,vegetation,0.8659274993167302,0.9341647757087416,37874102,38365227
GaussNoise,10.0,distorted,9,terrain,0.4754312050353274,0.5612041207839292,1774905,1316296
GaussNoise,10.0,distorted,10,sky,0.9183255331776535,0.9576335826719796,7910794,7914256
GaussNoise,10.0,distorted,11,person,0.5393679836329551,0.7118866467253984,3186357,3287492
GaussNoise,10.0,distorted,12,rider,0.1789108327569866,0.22148406532424292,378420,173862
GaussNoise,10.0,distorted,13,car,0.8662191688696859,0.934971507651427,13170027,13358913
GaussNoise,10.0,distorted,14,truck,0.7851958332258979,0.8433491920808577,866609,795037
GaussNoise,10.0,distorted,15,bus,0.6210929574775333,0.6515511931291784,638992,447672
GaussNoise,10.0,distorted,16,train,0.2117674445673049,0.5733734617020941,63463,144755
GaussNoise,10.0,distorted,17,motorcycle,0.2683588157037465,0.3454291625655344,199132,125975
GaussNoise,10.0,distorted,18,bicycle,0.5396809632347951,0.6631438712105033,1474965,1315542
GaussNoise,10.0,restored,0,road,0.9279786682775869,0.9579128985320258,83055684,82239276
GaussNoise,10.0,restored,1,sidewalk,0.5683046209181919,0.6745174438855164,13341609,11492617
GaussNoise,10.0,restored,2,building,0.8247397752535349,0.9354850829718092,54242339,58026511
GaussNoise,10.0,restored,3,wall,0.25941985001508466,0.45889987221852935,1259181,1546081
GaussNoise,10.0,restored,4,fence,0.33533110850126163,0.4963764249366408,2904866,2836991
GaussNoise,10.0,restored,5,pole,0.2518789713173436,0.3630028153344392,3268173,2628207
GaussNoise,10.0,restored,6,traffic light,0.343436915704163,0.411705771957286,488084,297969
GaussNoise,10.0,restored,7,traffic sign,0.41305095823563603,0.46881598151521625,1656714,1000363
GaussNoise,10.0,restored,8,vegetation,0.8106432581937187,0.8913439320620724,37874102,37529271
GaussNoise,10.0,restored,9,terrain,0.3581383527498099,0.5358883996608269,1774905,1832066
GaussNoise,10.0,restored,10,sky,0.8662325263573649,0.9037982786557203,7910794,7492828
GaussNoise,10.0,restored,11,person,0.4959090200833778,0.7341440397293837,3186357,3869973
GaussNoise,10.0,restored,12,rider,0.09955276980650792,0.125410919084615,378420,145750
GaussNoise,10.0,restored,13,car,0.8328490380550749,0.928103564252374,13170027,13729430
GaussNoise,10.0,restored,14,truck,0.6817270230567797,0.8005882699118057,866609,844893
GaussNoise,10.0,restored,15,bus,0.4848977661580272,0.7349184340336029,638992,799081
GaussNoise,10.0,restored,16,train,0.011832977049973784,0.0739643571845012,63463,337919
GaussNoise,10.0,restored,17,motorcycle,0.192233296004662,0.2749884498724464,199132,140484
GaussNoise,10.0,restored,18,bicycle,0.3854068591430444,0.4601417660758052,1474965,964706
GaussNoise,20.0,distorted,0,road,0.953125948951666,0.979350335613394,83055684,83625813
GaussNoise,20.0,distorted,1,sidewalk,0.6882920233827688,0.7627073316269425,13341609,11618183
GaussNoise,20.0,distorted,2,building,0.8464198521924515,0.9520190491785393,54242339,58407005
GaussNoise,20.0,distorted,3,wall,0.39436606805484886,0.47825531039620195,1259181,870062
GaussNoise,20.0,distorted,4,fence,0.3926688418588017,0.5639406430451526,2904866,2905198
GaussNoise,20.0,distorted,5,pole,0.27758719850451785,0.37112386645382606,3268173,2314151
GaussNoise,20.0,distorted,6,traffic light,0.29168357539004375,0.3136714172150695,488084,189891
GaussNoise,20.0,distorted,7,traffic sign,0.4535744502578909,0.5012392000067604,1656714,1004509
GaussNoise,20.0,distorted,8,vegetation,0.8484896560106681,0.9208371725882768,37874102,38105263
GaussNoise,20.0,distorted,9,terrain,0.45516715987615325,0.5244596189655221,1774905,1201069
GaussNoise,20.0,distorted,10,sky,0.9128213344490118,0.9542704562904811,7910794,7908248
GaussNoise,20.0,distorted,11,person,0.5057257793800984,0.6978671881399353,3186357,3434253
GaussNoise,20.0,distorted,12,rider,0.17036536196054355,0.2170656942022092,378420,185874
GaussNoise,20.0,distorted,13,car,0.8560345962020204,0.927110931511378,13170027,13303580
GaussNoise,20.0,distorted,14,truck,0.770887289278747,0.815738124113643,866609,757346
GaussNoise,20.0,distorted,15,bus,0.7016416108165858,0.7338307834839872,638992,498227
GaussNoise,20.0,distorted,16,train,0.24063973913549816,0.3907158501804201,63463,64375
GaussNoise,20.0,distorted,17,motorcycle,0.11898721983173849,0.1488660787819135,199132,79648
GaussNoise,20.0,distorted,18,bicycle,0.5146568117595152,0.6350516791923876,1474965,1281721
GaussNoise,20.0,restored,0,road,0.9212337256727088,0.9520079805736114,83055684,81844189
GaussNoise,20.0,restored,1,sidewalk,0.54772378325289,0.6672916287683143,13341609,11815211
GaussNoise,20.0,restored,2,building,0.8247442689886438,0.9366113065293884,54242339,58161335
GaussNoise,20.0,restored,3,wall,0.2695018312904614,0.5266907616935135,1259181,1864851
GaussNoise,20.0,restored,4,fence,0.33367831940722503,0.48668578860436246,2904866,2745777
GaussNoise,20.0,restored,5,pole,0.2529260663513287,0.3562045216088622,3268173,2498646
GaussNoise,20.0,restored,6,traffic light,0.3462793043134821,0.402375410789946,488084,275461
GaussNoise,20.0,restored,7,traffic sign,0.39938539744692,0.44919159251385576,1656714,950786
GaussNoise,20.0,restored,8,vegetation,0.8064958377595859,0.8821330998158056,37874102,36962024
GaussNoise,20.0,restored,9,terrain,0.3262047665171967,0.5109777706412456,1774905,1912301
GaussNoise,20.0,restored,10,sky,0.8897842689021969,0.9356423640913921,7910794,7809384
GaussNoise,20.0,restored,11,person,0.4932484487769866,0.722945357346964,3186357,3787391
GaussNoise,20.0,restored,12,rider,0.10692605384004317,0.1330294381903705,378420,142723
GaussNoise,20.0,restored,13,car,0.8305039888422464,0.9225817836212484,13170027,13610585
GaussNoise,20.0,restored,14,truck,0.6645403410314318,0.7799342033142974,866609,826380
GaussNoise,20.0,restored,15,bus,0.4779635531486629,0.7491690036807973,638992,841289
GaussNoise,20.0,restored,16,train,0.025883457269177488,0.23375825284023763,63463,524518
GaussNoise,20.0,restored,17,motorcycle,0.1571083380636436,0.25435389590824176,199132,173907
GaussNoise,20.0,restored,18,bicycle,0.3865637597836565,0.46925655863020477,1474965,1007658
GaussNoise,35.0,distorted,0,road,0.9377751700587065,0.9773433447372488,83055684,84678344
GaussNoise,35.0,distorted,1,sidewalk,0.6027934179123092,0.6824987151099992,13341609,10869746
GaussNoise,35.0,distorted,2,building,0.8151892403798485,0.9437309847571286,54242339,59743288
GaussNoise,35.0,distorted,3,wall,0.21788474582408424,0.26760966056508156,1259181,624335
GaussNoise,35.0,distorted,4,fence,0.3307157660940686,0.5434450332648735,2904866,3447158
GaussNoise,35.0,distorted,5,pole,0.2330611002015541,0.29999758274730254,3268173,1919082
GaussNoise,35.0,distorted,6,traffic light,0.24443433742667553,0.2576605666237779,488084,152170
GaussNoise,35.0,distorted,7,traffic sign,0.36543206836397585,0.3941235481803136,1656714,783025
GaussNoise,35.0,distorted,8,vegetation,0.8070786378422007,0.8867691173245507,37874102,37325251
GaussNoise,35.0,distorted,9,terrain,0.3243332890142264,0.39169589358303686,1774905,1063863
GaussNoise,35.0,distorted,10,sky,0.9030740809270646,0.9414861517061373,7910794,7784387
GaussNoise,35.0,distorted,11,person,0.45870786667252056,0.6721858222415128,3186357,3624722
GaussNoise,35.0,distorted,12,rider,0.11601137366408472,0.14070080862533693,378420,133779
GaussNoise,35.0,distorted,13,car,0.8263879830849958,0.9010282970566423,13170027,13056099
GaussNoise,35.0,distorted,14,truck,0.7311650739611145,0.7637862057744611,866609,700568
GaussNoise,35.0,distorted,15,bus,0.5756786298499137,0.5975646017477527,638992,406132
GaussNoise,35.0,distorted,16,train,0.01596798882831592,0.046846193845232656,63463,125695
GaussNoise,35.0,distorted,17,motorcycle,0.033923149813385935,0.04404616033585762,199132,68194
GaussNoise,35.0,distorted,18,bicycle,0.4615061405363404,0.5830816324455157,1474965,1248578
GaussNoise,35.0,restored,0,road,0.9198936980104027,0.95035636573651,83055684,81682922
GaussNoise,35.0,restored,1,sidewalk,0.5340656369111666,0.6433570343726908,13341609,11313650
GaussNoise,35.0,restored,2,building,0.8104833177251375,0.9425522745248873,54242339,59965076
GaussNoise,35.0,restored,3,wall,0.2373759142820009,0.5134654986058398,1259181,2111087
GaussNoise,35.0,restored,4,fence,0.30639944160030114,0.44276603464669284,2904866,2579020
GaussNoise,35.0,restored,5,pole,0.24435887220912447,0.333697145163368,3268173,2285433
GaussNoise,35.0,restored,6,traffic light,0.3103824109403835,0.3518246859147196,488084,236889
GaussNoise,35.0,restored,7,traffic sign,0.361177481987715,0.4021931365341272,1656714,854457
GaussNoise,35.0,restored,8,vegetation,0.7859282402223038,0.8610270152411799,37874102,36229656
GaussNoise,35.0,restored,9,terrain,0.29221573226156095,0.540592313391421,1774905,2468128
GaussNoise,35.0,restored,10,sky,0.8651464523007139,0.9197456032858395,7910794,7775166
GaussNoise,35.0,restored,11,person,0.46907572775706907,0.6947655269010974,3186357,3746846
GaussNoise,35.0,restored,12,rider,0.08997027796467705,0.11766819935521379,378420,161027
GaussNoise,35.0,restored,13,car,0.8238138111082374,0.9018774221191802,13170027,13125726
GaussNoise,35.0,restored,14,truck,0.6904424760986583,0.7933393260397711,866609,816666
GaussNoise,35.0,restored,15,bus,0.5519545267553021,0.7579985351929288,638992,722890
GaussNoise,35.0,restored,16,train,0.0020979090972785236,0.016513559081669633,63463,437130
GaussNoise,35.0,restored,17,motorcycle,0.08728945270318003,0.1737390273788241,199132,231813
GaussNoise,35.0,restored,18,bicycle,0.38792131647667283,0.4710457536280522,1474965,1010834
GaussNoise,50.0,distorted,0,road,0.9139261149254133,0.9728286988762864,83055684,86151896
GaussNoise,50.0,distorted,1,sidewalk,0.4930099170004695,0.5755053981869803,13341609,9910623
GaussNoise,50.0,distorted,2,building,0.7813602514844956,0.9349029915542543,54242339,61370323
GaussNoise,50.0,distorted,3,wall,0.1477157603340143,0.20345208512517263,1259181,731299
GaussNoise,50.0,distorted,4,fence,0.27687992386136256,0.47420948160775744,2904866,3447784
GaussNoise,50.0,distorted,5,pole,0.19964492191011082,0.2439870839150804,3268173,1523270
GaussNoise,50.0,distorted,6,traffic light,0.2107624642087552,0.21942944247301693,488084,127171
GaussNoise,50.0,distorted,7,traffic sign,0.2910892188690543,0.3069244299257446,1656714,598611
GaussNoise,50.0,distorted,8,vegetation,0.7678367728002579,0.853057849397987,37874102,36512391
GaussNoise,50.0,distorted,9,terrain,0.28372963550077285,0.323704085570777,1774905,824609
GaussNoise,50.0,distorted,10,sky,0.8925502274240139,0.9257872218642023,7910794,7618296
GaussNoise,50.0,distorted,11,person,0.4159605547512987,0.6342070270217681,3186357,3692630
GaussNoise,50.0,distorted,12,rider,0.05973119759510982,0.07225040959780138,378420,106655
GaussNoise,50.0,distorted,13,car,0.787998613127902,0.8642247278612261,13170027,12655850
GaussNoise,50.0,distorted,14,truck,0.590948419372878,0.6328667253628799,866609,609920
GaussNoise,50.0,distorted,15,bus,0.45170548982431086,0.4593343891629316,638992,304303
GaussNoise,50.0,distorted,16,train,0.0046912392215455135,0.011676094732363739,63463,95232
GaussNoise,50.0,distorted,17,motorcycle,0.020228853530070288,0.04428218468151779,199132,245598
GaussNoise,50.0,distorted,18,bicycle,0.3921942104021567,0.5162414023383606,1474965,1227955
GaussNoise,50.0,restored,0,road,0.9158453046186118,0.9524226662199302,83055684,82421224
GaussNoise,50.0,restored,1,sidewalk,0.4961517318927057,0.5943818320563884,13341609,10571435
GaussNoise,50.0,restored,2,building,0.7828995964450025,0.9402620524900299,54242339,61904698
GaussNoise,50.0,restored,3,wall,0.2021886594918721,0.5257647629689457,1259181,2677185
GaussNoise,50.0,restored,4,fence,0.28462341546687736,0.4166990835377604,2904866,2558419
GaussNoise,50.0,restored,5,pole,0.2191083810330539,0.2779657013260926,3268173,1786343
GaussNoise,50.0,restored,6,traffic light,0.19563319284537484,0.20703608395276224,488084,129500
GaussNoise,50.0,restored,7,traffic sign,0.3182277061132922,0.34077275860528733,1656714,681934
GaussNoise,50.0,restored,8,vegetation,0.7406159060041826,0.8270599260676861,37874102,35744783
GaussNoise,50.0,restored,9,terrain,0.31094034375455504,0.5240201588254019,1774905,2146385
GaussNoise,50.0,restored,10,sky,0.8674869398515099,0.9368948300259115,7910794,8044527
GaussNoise,50.0,restored,11,person,0.42099548375047646,0.6727849390385321,3186357,4049433
GaussNoise,50.0,restored,12,rider,0.04307604791133777,0.057230061836055175,378420,145999
GaussNoise,50.0,restored,13,car,0.7787620174378304,0.8395667677826325,13170027,12085416
GaussNoise,50.0,restored,14,truck,0.5277929863617883,0.6396125588356456,866609,737896
GaussNoise,50.0,restored,15,bus,0.4445437453101419,0.4950860104664847,638992,389006
GaussNoise,50.0,restored,16,train,0.0,0.0,63463,77761
GaussNoise,50.0,restored,17,motorcycle,0.029091933410123467,0.10476467870558223,199132,538836
GaussNoise,50.0,restored,18,bicycle,0.34448689620984707,0.4409901251894113,1474965,1063636
SevereJPEG,80.0,distorted,0,road,0.9611691839674512,0.9795773519847238,83055684,82950137
SevereJPEG,80.0,distorted,1,sidewalk,0.7294847826254718,0.8077234162686074,13341609,12207243
SevereJPEG,80.0,distorted,2,building,0.8672587952040698,0.9491869626049865,54242339,56610284
SevereJPEG,80.0,distorted,3,wall,0.3643180480870624,0.4966251873241416,1259181,1082630
SevereJPEG,80.0,distorted,4,fence,0.3866354142202488,0.5752275664350782,2904866,3087888
SevereJPEG,80.0,distorted,5,pole,0.2989175451636998,0.40458415145097887,3268173,2477542
SevereJPEG,80.0,distorted,6,traffic light,0.38924886717539225,0.4322534645675744,488084,264900
SevereJPEG,80.0,distorted,7,traffic sign,0.5187130555919983,0.5942443897981184,1656714,1225732
SevereJPEG,80.0,distorted,8,vegetation,0.8657094798129209,0.9418659483992519,37874102,39004112
SevereJPEG,80.0,distorted,9,terrain,0.5011555029937382,0.5930565297861012,1774905,1378098
SevereJPEG,80.0,distorted,10,sky,0.9196996606983168,0.9513783319348222,7910794,7798642
SevereJPEG,80.0,distorted,11,person,0.5654103223802586,0.7175605244484532,3186357,3143843
SevereJPEG,80.0,distorted,12,rider,0.22473348602953455,0.28806352729771156,378420,215648
SevereJPEG,80.0,distorted,13,car,0.8726298654029334,0.9393395321057428,13170027,13377932
SevereJPEG,80.0,distorted,14,truck,0.7732704252142543,0.8396981799173561,866609,802136
SevereJPEG,80.0,distorted,15,bus,0.5510143985843351,0.6237448982146881,638992,482911
SevereJPEG,80.0,distorted,16,train,0.24247464331291088,0.6317224209381844,63463,141969
SevereJPEG,80.0,distorted,17,motorcycle,0.3641324658366915,0.40612257196231644,199132,103835
SevereJPEG,80.0,distorted,18,bicycle,0.5413315556089493,0.6843165770035221,1474965,1398934
SevereJPEG,80.0,restored,0,road,0.95631553412711,0.9769115260070581,83055684,82926810
SevereJPEG,80.0,restored,1,sidewalk,0.694102210915353,0.7729228910845761,13341609,11827078
SevereJPEG,80.0,restored,2,building,0.8621307369022456,0.9425152554722981,54242339,56181753
SevereJPEG,80.0,restored,3,wall,0.3468630064584605,0.5102475339129164,1259181,1235612
SevereJPEG,80.0,restored,4,fence,0.38266729891743584,0.5845078568168033,2904866,3230109
SevereJPEG,80.0,restored,5,pole,0.2960551563042681,0.40766385378007836,3268173,2564372
SevereJPEG,80.0,restored,6,traffic light,0.37035647551575585,0.4186758836593701,488084,268028
SevereJPEG,80.0,restored,7,traffic sign,0.5048794647208132,0.5753364793199067,1656714,1184366
SevereJPEG,80.0,restored,8,vegetation,0.8559980446554578,0.9390247721252902,37874102,39238283
SevereJPEG,80.0,restored,9,terrain,0.4922001590936798,0.593688112884915,1774905,1419712
SevereJPEG,80.0,restored,10,sky,0.915278692154258,0.944789359955524,7910794,7729096
SevereJPEG,80.0,restored,11,person,0.5660232244802949,0.7203954233627933,3186357,3164456
SevereJPEG,80.0,restored,12,rider,0.23293058989828216,0.3022065429945563,378420,226907
SevereJPEG,80.0,restored,13,car,0.8670830120218153,0.9442600231571279,13170027,13608163
SevereJPEG,80.0,restored,14,truck,0.7873743942129136,0.8425218293371058,866609,790834
SevereJPEG,80.0,restored,15,bus,0.6049423686472899,0.7245974910484012,638992,589402
SevereJPEG,80.0,restored,16,train,0.3869945223508476,0.6579266659313301,63463,86184
SevereJPEG,80.0,restored,17,motorcycle,0.3672488476579123,0.4117118293393327,199132,106094
SevereJPEG,80.0,restored,18,bicycle,0.5196105019135511,0.6611987403090921,1474965,1377157
SevereJPEG,60.0,distorted,0,road,0.9598869471990557,0.9789056580402131,83055684,82949302
SevereJPEG,60.0,distorted,1,sidewalk,0.7213584439012541,0.7957546200012308,13341609,11992613
SevereJPEG,60.0,distorted,2,building,0.8640921421421993,0.9477396798836422,54242339,56658490
SevereJPEG,60.0,distorted,3,wall,0.366283329739083,0.4545684853885184,1259181,875884
SevereJPEG,60.0,distorted,4,fence,0.3862457383073897,0.58445518657315,2904866,3188452
SevereJPEG,60.0,distorted,5,pole,0.29892028136333876,0.4060960053216277,3268173,2498972
SevereJPEG,60.0,distorted,6,traffic light,0.37838113819952224,0.42514813023987674,488084,267834
SevereJPEG,60.0,distorted,7,traffic sign,0.5116677225378297,0.5947550391920392,1656714,1254365
SevereJPEG,60.0,distorted,8,vegetation,0.8618370834153367,0.9402371044995338,37874102,39055986
SevereJPEG,60.0,distorted,9,terrain,0.5215671173808184,0.6204236283068671,1774905,1437604
SevereJPEG,60.0,distorted,10,sky,0.9201400198858549,0.9516497332631845,7910794,7799206
SevereJPEG,60.0,distorted,11,person,0.5584107120800585,0.7108390553851938,3186357,3134761
SevereJPEG,60.0,distorted,12,rider,0.22077135466149161,0.2879974631361979,378420,224215
SevereJPEG,60.0,distorted,13,car,0.8704069093158626,0.9391790920398265,13170027,13409598
SevereJPEG,60.0,distorted,14,truck,0.7769213337580516,0.8387023444252252,866609,795740
SevereJPEG,60.0,distorted,15,bus,0.6031674928405308,0.6700991561709693,638992,499095
SevereJPEG,60.0,distorted,16,train,0.19844365574914932,0.6405149457164017,63463,182025
SevereJPEG,60.0,distorted,17,motorcycle,0.3761672559894892,0.4284595142920274,199132,113002
SevereJPEG,60.0,distorted,18,bicycle,0.5355602796062238,0.6839016519036045,1474965,1417272
SevereJPEG,60.0,restored,0,road,0.9544239285197712,0.9763341061642452,83055684,82996760
SevereJPEG,60.0,restored,1,sidewalk,0.6795564111841907,0.7535372232839382,13341609,11505851
SevereJPEG,60.0,restored,2,building,0.8582360260495431,0.9409674239895887,54242339,56269074
SevereJPEG,60.0,restored,3,wall,0.3569649991020882,0.4814748634231298,1259181,1045468
SevereJPEG,60.0,restored,4,fence,0.3834107805964374,0.5904926423456366,2904866,3284233
SevereJPEG,60.0,restored,5,pole,0.29303937514394757,0.4025475395580344,3268173,2536904
SevereJPEG,60.0,restored,6,traffic light,0.3674605108505576,0.4201940649560322,488084,275134
SevereJPEG,60.0,restored,7,traffic sign,0.4953903522359068,0.5714245186556038,1656714,1200965
SevereJPEG,60.0,restored,8,vegetation,0.8515453787892684,0.9377173615891936,37874102,39347866
SevereJPEG,60.0,restored,9,terrain,0.5062845156971012,0.6182167496288534,1774905,1489682
SevereJPEG,60.0,restored,10,sky,0.9150130942109301,0.9440254669758813,7910794,7718819
SevereJPEG,60.0,restored,11,person,0.5558530334500191,0.7087896930569927,3186357,3135147
SevereJPEG,60.0,restored,12,rider,0.22894171051109508,0.30334020400613076,378420,237764
SevereJPEG,60.0,restored,13,car,0.8633614335699911,0.9419780992096676,13170027,13605124
SevereJPEG,60.0,restored,14,truck,0.7757325091174092,0.8401643647827336,866609,800074
SevereJPEG,60.0,restored,15,bus,0.578740334978923,0.723206237323785,638992,621629
SevereJPEG,60.0,restored,16,train,0.20832812179490387,0.6561303436648126,63463,178054
SevereJPEG,60.0,restored,17,motorcycle,0.3725625133754915,0.4458600325412289,199132,127962
SevereJPEG,60.0,restored,18,bicycle,0.5146325535958886,0.6571891536409339,1474965,1377906
SevereJPEG,40.0,distorted,0,road,0.9593004118301306,0.9784575369940967,83055684,82925073
SevereJPEG,40.0,distorted,1,sidewalk,0.7136990300710416,0.7915519035222813,13341609,12015927
SevereJPEG,40.0,distorted,2,building,0.8599797355584885,0.9445304893655121,54242339,56566495
SevereJPEG,40.0,distorted,3,wall,0.3595975372675531,0.44686665380116125,1259181,868271
SevereJPEG,40.0,distorted,4,fence,0.37944701480993026,0.581798265393309,2904866,3239151
SevereJPEG,40.0,distorted,5,pole,0.29079671629293213,0.3959294688500272,3268173,2475520
SevereJPEG,40.0,distorted,6,traffic light,0.3480546258449073,0.39288319223740176,488084,254624
SevereJPEG,40.0,distorted,7,traffic sign,0.5009282986812136,0.5773332029547646,1656714,1209169
SevereJPEG,40.0,distorted,8,vegetation,0.8553091298540331,0.9383330593554403,37874102,39214920
SevereJPEG,40.0,distorted,9,terrain,0.4864090403641997,0.576690020029241,1774905,1353005
SevereJPEG,40.0,distorted,10,sky,0.9196194024283001,0.9504597136520051,7910794,7784187
SevereJPEG,40.0,distorted,11,person,0.5546516596795336,0.7116412253868603,3186357,3169415
SevereJPEG,40.0,distorted,12,rider,0.2365090124361936,0.31625971143174253,378420,247282
SevereJPEG,40.0,distorted,13,car,0.8634008556836751,0.9350527527392313,13170027,13407624
SevereJPEG,40.0,distorted,14,truck,0.7544512362760352,0.8264776848613389,866609,798967
SevereJPEG,40.0,distorted,15,bus,0.6406387137659061,0.6739583594160803,638992,463888
SevereJPEG,40.0,distorted,16,train,0.1705782683106917,0.6297685265430251,63463,210807
SevereJPEG,40.0,distorted,17,motorcycle,0.37578641822345005,0.4310356949159352,199132,115110
SevereJPEG,40.0,distorted,18,bicycle,0.5214401560995198,0.6761651971402711,1474965,1434981
SevereJPEG,40.0,restored,0,road,0.955084330704433,0.9756031748531503,83055684,82813741
SevereJPEG,40.0,restored,1,sidewalk,0.6837076770269054,0.7625147011878403,13341609,11710983
SevereJPEG,40.0,restored,2,building,0.8556838047744159,0.9377312250491263,54242339,56065773
SevereJPEG,40.0,restored,3,wall,0.3314325906202115,0.4505642953634148,1259181,1019948
SevereJPEG,40.0,restored,4,fence,0.3785574449068169,0.5913780532389445,2904866,3350956
SevereJPEG,40.0,restored,5,pole,0.2859777898472205,0.3924685137537089,3268173,2499638
SevereJPEG,40.0,restored,6,traffic light,0.35966709070915714,0.4101179305201564,488084,268636
SevereJPEG,40.0,restored,7,traffic sign,0.4853585069714002,0.5566259475081397,1656714,1165433
SevereJPEG,40.0,restored,8,vegetation,0.843469466136644,0.9343734671253724,37874102,39470396
SevereJPEG,40.0,restored,9,terrain,0.45259341622022303,0.5676016462852942,1774905,1458459
SevereJPEG,40.0,restored,10,sky,0.9143579246929298,0.9429200153612899,7910794,7706358
SevereJPEG,40.0,restored,11,person,0.55047192620941,0.7080932864710389,3186357,3168615
SevereJPEG,40.0,restored,12,rider,0.23960845232101896,0.3232308017546641,378420,254384
SevereJPEG,40.0,restored,13,car,0.8569378197826129,0.9382034676162775,13170027,13605113
SevereJPEG,40.0,restored,14,truck,0.7502252481935463,0.8234324822382413,866609,798158
SevereJPEG,40.0,restored,15,bus,0.5905464517039388,0.7401062924105466,638992,634751
SevereJPEG,40.0,restored,16,train,0.16315592671070672,0.6600381324551313,63463,235161
SevereJPEG,40.0,restored,17,motorcycle,0.35684442556977897,0.44306289295542656,199132,136341
SevereJPEG,40.0,restored,18,bicycle,0.5027842959626397,0.6502208526981996,1474965,1391572
SevereJPEG,20.0,distorted,0,road,0.9462627848367283,0.9741035423897056,83055684,83348484
SevereJPEG,20.0,distorted,1,sidewalk,0.623193542821768,0.6904025593914497,13341609,10649922
SevereJPEG,20.0,distorted,2,building,0.843730611140929,0.9315449320870915,54242339,56174644
SevereJPEG,20.0,distorted,3,wall,0.30045873365288245,0.39402039897361857,1259181,888247
SevereJPEG,20.0,distorted,4,fence,0.33359100347443515,0.5865162110747966,2904866,3906190
SevereJPEG,20.0,distorted,5,pole,0.2647702535844244,0.37149593978042167,3268173,2531474
SevereJPEG,20.0,distorted,6,traffic light,0.36010681320146604,0.42051982855410136,488084,287132
SevereJPEG,20.0,distorted,7,traffic sign,0.46180830658152383,0.5298488453649816,1656714,1121900
SevereJPEG,20.0,distorted,8,vegetation,0.8218545657514938,0.9176063105073752,37874102,39166110
SevereJPEG,20.0,distorted,9,terrain,0.3772370258839888,0.5111405962572645,1774905,1537244
SevereJPEG,20.0,distorted,10,sky,0.9155309808425822,0.9443265745511765,7910794,7719186
SevereJPEG,20.0,distorted,11,person,0.5150945506539472,0.6822000799031621,3186357,3207442
SevereJPEG,20.0,distorted,12,rider,0.21087447105935675,0.29459066645526133,378420,261710
SevereJPEG,20.0,distorted,13,car,0.8581784881891118,0.9395513008439542,13170027,13622703
SevereJPEG,20.0,distorted,14,truck,0.764141987096437,0.8099027358358845,866609,753766
SevereJPEG,20.0,distorted,15,bus,0.5584009064940124,0.5876661992638406,638992,409003
SevereJPEG,20.0,distorted,16,train,0.045239598772095865,0.43912200809920743,63463,580414
SevereJPEG,20.0,distorted,17,motorcycle,0.24385705685984788,0.2685254002370287,199132,73616
SevereJPEG,20.0,distorted,18,bicycle,0.48125761014838364,0.6586651208672748,1474965,1515229
SevereJPEG,20.0,restored,0,road,0.9435919907325903,0.9711416620203862,83055684,83083778
SevereJPEG,20.0,restored,1,sidewalk,0.6130995894429407,0.6872098410319175,13341609,10781192
SevereJPEG,20.0,restored,2,building,0.8388444037454661,0.9260339418622785,54242339,55868199
SevereJPEG,20.0,restored,3,wall,0.279631382051985,0.3766519666354559,1259181,911157
SevereJPEG,20.0,restored,4,fence,0.335229255268287,0.5949933663032994,2904866,3979313
SevereJPEG,20.0,restored,5,pole,0.2630409528851982,0.3697007471758686,3268173,2533449
SevereJPEG,20.0,restored,6,traffic light,0.3637598788244287,0.42511739782496455,488084,289821
SevereJPEG,20.0,restored,7,traffic sign,0.44758827692387376,0.5111624577325959,1656714,1082165
SevereJPEG,20.0,restored,8,vegetation,0.8136737979985359,0.9161611013245938,37874102,39469259
SevereJPEG,20.0,restored,9,terrain,0.36152978107052375,0.5045036213205777,1774905,1597366
SevereJPEG,20.0,restored,10,sky,0.9103238349932941,0.9376990476556462,7910794,7655837
SevereJPEG,20.0,restored,11,person,0.5110931537937246,0.6796501459189915,3186357,3216459
SevereJPEG,20.0,restored,12,rider,0.21880813516205014,0.30366523968077797,378420,261670
SevereJPEG,20.0,restored,13,car,0.8518645491464222,0.9397784074398633,13170027,13736076
SevereJPEG,20.0,restored,14,truck,0.7628643784101037,0.8099165829110937,866609,755332
SevereJPEG,20.0,restored,15,bus,0.5671712533259309,0.6011327215364198,638992,422381
SevereJPEG,20.0,restored,16,train,0.049939683543562534,0.4703212895703008,63463,564066
SevereJPEG,20.0,restored,17,motorcycle,0.23009208484221416,0.2791916919430328,199132,98089
SevereJPEG,20.0,restored,18,bicycle,0.4646622673277197,0.6288711935537453,1474965,1448807
SevereJPEG,5.0,distorted,0,road,0.862787969287964,0.945440121834407,83055684,86480628
SevereJPEG,5.0,distorted,1,sidewalk,0.21712261421784482,0.24861956305270227,13341609,5252389
SevereJPEG,5.0,distorted,2,building,0.6879738042114425,0.8988411248268626,54242339,65380786
SevereJPEG,5.0,distorted,3,wall,0.1356908961451137,0.2309540884114357,1259181,1174834
SevereJPEG,5.0,distorted,4,fence,0.17138023055044066,0.5306169028106632,2904866,7630372
SevereJPEG,5.0,distorted,5,pole,0.17938004030275578,0.2930462983446715,3268173,3028642
SevereJPEG,5.0,distorted,6,traffic light,0.18539014193129388,0.22458429286762116,488084,212804
SevereJPEG,5.0,distorted,7,traffic sign,0.2640331845558382,0.3043301378511922,1656714,757037
SevereJPEG,5.0,distorted,8,vegetation,0.6175831136950819,0.7154564351123097,37874102,33099481
SevereJPEG,5.0,distorted,9,terrain,0.04394174499236581,0.05178981410272662,1774905,408923
SevereJPEG,5.0,distorted,10,sky,0.7987192037261582,0.821933550538669,7910794,6732070
SevereJPEG,5.0,distorted,11,person,0.22488797798277346,0.2626796055809189,3186357,1372447
SevereJPEG,5.0,distorted,12,rider,0.08419624366207241,0.0934675757095291,378420,77040
SevereJPEG,5.0,distorted,13,car,0.6921910268911385,0.8002656334721258,13170027,12595810
SevereJPEG,5.0,distorted,14,truck,0.1769371163099386,0.3814684592474807,866609,1332345
SevereJPEG,5.0,distorted,15,bus,0.22772957105006125,0.2641738863710344,638992,271065
SevereJPEG,5.0,distorted,16,train,0.0,0.0,63463,590673
SevereJPEG,5.0,distorted,17,motorcycle,0.23239386192921024,0.32595966494586504,199132,145083
SevereJPEG,5.0,distorted,18,bicycle,0.2805973876681082,0.39916201401389184,1474965,1211987
SevereJPEG,5.0,restored,0,road,0.8734895314239728,0.9511190949917407,83055684,86377248
SevereJPEG,5.0,restored,1,sidewalk,0.2333207480050033,0.2676312879503514,13341609,5532557
SevereJPEG,5.0,restored,2,building,0.7125779007567216,0.8936209775172121,54242339,62253322
SevereJPEG,5.0,restored,3,wall,0.16131984878336264,0.2762978475691739,1259181,1245369
SevereJPEG,5.0,restored,4,fence,0.17252671750503223,0.5556545465436271,2904866,8064900
SevereJPEG,5.0,restored,5,pole,0.18519069975468136,0.294944606665559,3268173,2900824
SevereJPEG,5.0,restored,6,traffic light,0.2177817047529464,0.2580518927069931,488084,216203
SevereJPEG,5.0,restored,7,traffic sign,0.2755679757795345,0.323376877360848,1656714,823170
SevereJPEG,5.0,restored,8,vegetation,0.6529658682276593,0.7491843899031586,37874102,33955667
SevereJPEG,5.0,restored,9,terrain,0.04562026393930326,0.05471504108670605,1774905,450956
SevereJPEG,5.0,restored,10,sky,0.7929548428688148,0.8054214279881388,7910794,6495894
SevereJPEG,5.0,restored,11,person,0.26460378457929223,0.31694910520070413,3186357,1640255
SevereJPEG,5.0,restored,12,rider,0.08735905567300917,0.10482532635695788,378420,115328
SevereJPEG,5.0,restored,13,car,0.7300719394473831,0.8511712238706876,13170027,13394501
SevereJPEG,5.0,restored,14,truck,0.30857812577194427,0.7279430515953561,866609,1808584
SevereJPEG,5.0,restored,15,bus,0.25499481787201494,0.2806889601121767,638992,243745
SevereJPEG,5.0,restored,16,train,0.0,0.0,63463,474521
SevereJPEG,5.0,restored,17,motorcycle,0.22687245937412495,0.47197838619609106,199132,309122
SevereJPEG,5.0,restored,18,bicycle,0.3010555688155397,0.4592231002091575,1474965,1452250
LowLight,0.8,distorted,0,road,0.9611058399454312,0.9792897015934514,83055684,82906967
LowLight,0.8,distorted,1,sidewalk,0.7313953063338094,0.8098705336065537,13341609,12236467
LowLight,0.8,distorted,2,building,0.8676946860941661,0.9491227692080166,54242339,56572966
LowLight,0.8,distorted,3,wall,0.3621443684560119,0.48105157241095603,1259181,1019173
LowLight,0.8,distorted,4,fence,0.39147833946599786,0.5797052256455203,2904866,3080656
LowLight,0.8,distorted,5,pole,0.3019983529759225,0.40799370167980703,3268173,2480457
LowLight,0.8,distorted,6,traffic light,0.40048123461570373,0.44501151441145376,488084,271474
LowLight,0.8,distorted,7,traffic sign,0.5198295848440545,0.5942715519999228,1656714,1221787
LowLight,0.8,distorted,8,vegetation,0.865809880135968,0.9418600340676064,37874102,38998851
LowLight,0.8,distorted,9,terrain,0.5104935608921298,0.6127680073017993,1774905,1443197
LowLight,0.8,distorted,10,sky,0.9190929848235938,0.9505000383020971,7910794,7789536
LowLight,0.8,distorted,11,person,0.5666438714646863,0.7203288897006832,3186357,3159428
LowLight,0.8,distorted,12,rider,0.22378324239167857,0.2834073251942286,378420,208072
LowLight,0.8,distorted,13,car,0.8750138132050781,0.9409317839667299,13170027,13384243
LowLight,0.8,distorted,14,truck,0.7903318127044242,0.8476325540122477,866609,797397
LowLight,0.8,distorted,15,bus,0.590104632724721,0.6790757943761424,638992,530266
LowLight,0.8,distorted,16,train,0.2614906260682075,0.6268061705245577,63463,128440
LowLight,0.8,distorted,17,motorcycle,0.38403657195558866,0.43494265110579916,199132,113007
LowLight,0.8,distorted,18,bicycle,0.5455975852890222,0.6909404629940371,1474965,1412032
LowLight,0.8,restored,0,road,0.9493549233796497,0.9704670062075462,83055684,82449822
LowLight,0.8,restored,1,sidewalk,0.6713387379258344,0.774927147092978,13341609,12397402
LowLight,0.8,restored,2,building,0.857916687597636,0.9533711295156354,54242339,57748249
LowLight,0.8,restored,3,wall,0.4110079566682086,0.5341646673512386,1259181,1049918
LowLight,0.8,restored,4,fence,0.3606022592933141,0.5670344174223527,2904866,3310093
LowLight,0.8,restored,5,pole,0.28788844183111867,0.3970585400466866,3268173,2536979
LowLight,0.8,restored,6,traffic light,0.2956184434507435,0.3280521385663124,488084,213667
LowLight,0.8,restored,7,traffic sign,0.48655822418103534,0.5578802376270134,1656714,1167097
LowLight,0.8,restored,8,vegetation,0.8599576525075908,0.9358086694702359,37874102,38783530
LowLight,0.8,restored,9,terrain,0.47379792800434606,0.5601685724024666,1774905,1317801
LowLight,0.8,restored,10,sky,0.8953365035054434,0.9207351373326116,7910794,7508157
LowLight,0.8,restored,11,person,0.5169852930543304,0.6731835133351347,3186357,3107706
LowLight,0.8,restored,12,rider,0.16766763339657942,0.2005919348871624,378420,150217
LowLight,0.8,restored,13,car,0.8750440729852195,0.9333598936433464,13170027,13170069
LowLight,0.8,restored,14,truck,0.7662056112275788,0.828296267405485,866609,788036
LowLight,0.8,restored,15,bus,0.6161947068869874,0.6623134561935048,638992,471038
LowLight,0.8,restored,16,train,0.26869029900285796,0.6058963490537793,63463,118098
LowLight,0.8,restored,17,motorcycle,0.22352991626253332,0.2879446799108129,199132,114723
LowLight,0.8,restored,18,bicycle,0.5241921743031411,0.6591146230588523,1474965,1351814
LowLight,0.6,distorted,0,road,0.9598809012655276,0.9790296712263546,83055684,82970866
LowLight,0.6,distorted,1,sidewalk,0.7244924815221384,0.8028213088841084,13341609,12153362
LowLight,0.6,distorted,2,building,0.8669699824506137,0.9494576920807195,54242339,56661684
LowLight,0.6,distorted,3,wall,0.36549615927261325,0.4851192957962358,1259181,1022970
LowLight,0.6,distorted,4,fence,0.39009734656694905,0.5750643919547408,2904866,3047845
LowLight,0.6,distorted,5,pole,0.3009646902778023,0.40629795301533916,3268173,2471665
LowLight,0.6,distorted,6,traffic light,0.39475256406699405,0.43726284819826094,488084,265982
LowLight,0.6,distorted,7,traffic sign,0.5200017006215241,0.5906082763832502,1656714,1203420
LowLight,0.6,distorted,8,vegetation,0.8653943245820291,0.9416155398219078,37874102,38998675
LowLight,0.6,distorted,9,terrain,0.5176172394017846,0.6178595474123967,1774905,1440372
LowLight,0.6,distorted,10,sky,0.9169253469870243,0.9479769034562144,7910794,7767148
LowLight,0.6,distorted,11,person,0.5651311794314842,0.7178919374068882,3186357,3148765
LowLight,0.6,distorted,12,rider,0.22720813623265218,0.28774113418952485,378420,209706
LowLight,0.6,distorted,13,car,0.8737701690648668,0.9392193349337856,13170027,13356036
LowLight,0.6,distorted,14,truck,0.7770954068796189,0.8421964230696889,866609,802455
LowLight,0.6,distorted,15,bus,0.5683685345339481,0.6740757317775496,638992,549571
LowLight,0.6,distorted,16,train,0.24892478226444972,0.6192427083497472,63463,133711
LowLight,0.6,distorted,17,motorcycle,0.3796447255267307,0.425652331117048,199132,108893
LowLight,0.6,distorted,18,bicycle,0.5433962863289592,0.6961182129745451,1474965,1441290
LowLight,0.6,restored,0,road,0.9490767958468406,0.9696278101809384,83055684,82331563
LowLight,0.6,restored,1,sidewalk,0.6690865978324674,0.7778916321112394,13341609,12547902
LowLight,0.6,restored,2,building,0.8584111865381397,0.9535621057934098,54242339,57735952
LowLight,0.6,restored,3,wall,0.4149828006053016,0.5405450050469313,1259181,1061637
LowLight,0.6,restored,4,fence,0.36643644472366266,0.5686427532285482,2904866,3254789
LowLight,0.6,restored,5,pole,0.28712918610294186,0.39519878537641673,3268173,2521652
LowLight,0.6,restored,6,traffic light,0.2962074484479615,0.32685357438473706,488084,210030
LowLight,0.6,restored,7,traffic sign,0.4814839841452178,0.5548272061442108,1656714,1171553
LowLight,0.6,restored,8,vegetation,0.8611392942859599,0.9359467321495833,37874102,38738277
LowLight,0.6,restored,9,terrain,0.45405247181678393,0.5383544471394244,1774905,1285067
LowLight,0.6,restored,10,sky,0.9042981645480829,0.9321571260735648,7910794,7617813
LowLight,0.6,restored,11,person,0.5163296393119098,0.6687012786075133,3186357,3071032
LowLight,0.6,restored,12,rider,0.16601293590044403,0.19818984197452566,378420,148345
LowLight,0.6,restored,13,car,0.8763941146524552,0.9364402973509469,13170027,13235289
LowLight,0.6,restored,14,truck,0.7743706294836689,0.8291836341418102,866609,779920
LowLight,0.6,restored,15,bus,0.6260489911953049,0.6741054661091219,638992,479798
LowLight,0.6,restored,16,train,0.271297236200802,0.5937948095740825,63463,113124
LowLight,0.6,restored,17,motorcycle,0.275604017851445,0.32531687523853525,199132,100700
LowLight,0.6,restored,18,bicycle,0.528766055778186,0.6624448715732237,1474965,1349973
LowLight,0.4,distorted,0,road,0.9592536776403973,0.9789878077459455,83055684,83019155
LowLight,0.4,distorted,1,sidewalk,0.7227614715371738,0.8012540316539032,13341609,12138929
LowLight,0.4,distorted,2,building,0.865463889011305,0.9503836477258106,54242339,56873318
LowLight,0.4,distorted,3,wall,0.35974626775698954,0.47867860140837576,1259181,1019029
LowLight,0.4,distorted,4,fence,0.3856992789625997,0.5610778603901179,2904866,2950707
LowLight,0.4,distorted,5,pole,0.29827341795985685,0.4032855665841435,3268173,2468622
LowLight,0.4,distorted,6,traffic light,0.3700470226733088,0.40711434916940525,488084,247597
LowLight,0.4,distorted,7,traffic sign,0.5098634245895388,0.5778559244383762,1656714,1178272
LowLight,0.4,distorted,8,vegetation,0.8640076391464987,0.940773486853893,37874102,38996011
LowLight,0.4,distorted,9,terrain,0.5208379495266797,0.6211194401953908,1774905,1444166
LowLight,0.4,distorted,10,sky,0.9150952601245064,0.9436887119042665,7910794,7712511
LowLight,0.4,distorted,11,person,0.5628595841781968,0.7115797131332113,3186357,3109254
LowLight,0.4,distorted,12,rider,0.23898310654010604,0.30751281644733364,378420,224883
LowLight,0.4,distorted,13,car,0.8727906759695798,0.9372864611439293,13170027,13317301
LowLight,0.4,distorted,14,truck,0.765300313426153,0.828363194935663,866609,789278
LowLight,0.4,distorted,15,bus,0.5946036438902571,0.7031308686180735,638992,565924
LowLight,0.4,distorted,16,train,0.24321513786635704,0.6007122260214613,63463,131406
LowLight,0.4,distorted,17,motorcycle,0.355007172822019,0.3939447200851696,199132,100288
LowLight,0.4,distorted,18,bicycle,0.532654313335993,0.6933778089649585,1474965,1467765
LowLight,0.4,restored,0,road,0.9525780388147815,0.9728345864925994,83055684,82565619
LowLight,0.4,restored,1,sidewalk,0.6893705115682459,0.7838144559625454,13341609,12285150
LowLight,0.4,restored,2,building,0.8590540025858424,0.9538624247011177,54242339,57726117
LowLight,0.4,restored,3,wall,0.39676258173425294,0.5118160137422658,1259181,1009607
LowLight,0.4,restored,4,fence,0.3717924152087056,0.5757780221187483,2904866,3266326
LowLight,0.4,restored,5,pole,0.29082790919992846,0.3976659130345915,3268173,2500231
LowLight,0.4,restored,6,traffic light,0.31208095977584477,0.34503691987444784,488084,219949
LowLight,0.4,restored,7,traffic sign,0.4823179202432074,0.5517880575645525,1656714,1152778
LowLight,0.4,restored,8,vegetation,0.8614015662826893,0.9352700428382434,37874102,38670362
LowLight,0.4,restored,9,terrain,0.4619410051625367,0.5461312013882433,1774905,1292813
LowLight,0.4,restored,10,sky,0.909281772526341,0.9392452894108986,7910794,7690860
LowLight,0.4,restored,11,person,0.510515041355751,0.6652911145863443,3186357,3085883
LowLight,0.4,restored,12,rider,0.1799187043589468,0.21674065852756197,378420,159466
LowLight,0.4,restored,13,car,0.8761796153672161,0.9382563148883446,13170027,13289948
LowLight,0.4,restored,14,truck,0.778021561503349,0.8290116996246288,866609,775225
LowLight,0.4,restored,15,bus,0.6078329310956603,0.6487608608558479,638992,457579
LowLight,0.4,restored,16,train,0.2382531680754021,0.5942832831728724,63463,132550
LowLight,0.4,restored,17,motorcycle,0.27828274143949966,0.34947170720928833,199132,120532
LowLight,0.4,restored,18,bicycle,0.530691645068712,0.6648313688799395,1474965,1353421
LowLight,0.25,distorted,0,road,0.9583982464152391,0.9782736964757283,83055684,82973616
LowLight,0.25,distorted,1,sidewalk,0.7177078449421673,0.800399711908811,13341609,12215795
LowLight,0.25,distorted,2,building,0.8623825470764143,0.9481316799410143,54242339,56822349
LowLight,0.25,distorted,3,wall,0.3770179426744169,0.529221771929532,1259181,1174723
LowLight,0.25,distorted,4,fence,0.3816286598819594,0.5491616480760214,2904866,2870462
LowLight,0.25,distorted,5,pole,0.2892972383743732,0.3949815386149999,3268173,2484777
LowLight,0.25,distorted,6,traffic light,0.3383595568382832,0.3723047672122012,488084,230682
LowLight,0.25,distorted,7,traffic sign,0.4940828339235207,0.5590470050956291,1656714,1144013
LowLight,0.25,distorted,8,vegetation,0.8589565441151265,0.9381094236900983,37874102,39020152
LowLight,0.25,distorted,9,terrain,0.4993473386702776,0.6000383119096515,1774905,1422912
LowLight,0.25,distorted,10,sky,0.9107089126685747,0.9362350985248763,7910794,7628094
LowLight,0.25,distorted,11,person,0.5487754156804086,0.6998148669467985,3186357,3106841
LowLight,0.25,distorted,12,rider,0.23739962256255243,0.3088208868453042,378420,230711
LowLight,0.25,distorted,13,car,0.8679471829440524,0.932483965294832,13170027,13260105
LowLight,0.25,distorted,14,truck,0.7760499533065855,0.8285039735336236,866609,776564
LowLight,0.25,distorted,15,bus,0.55609528766659,0.7189557928737762,638992,646545
LowLight,0.25,distorted,16,train,0.21729912958547584,0.5959693049493405,63463,148414
LowLight,0.25,distorted,17,motorcycle,0.29774519595370214,0.36080589759556475,199132,114023
LowLight,0.25,distorted,18,bicycle,0.5128837367464288,0.6800147800117291,1474965,1483638
LowLight,0.25,restored,0,road,0.9542830110828621,0.9740688788981618,83055684,82624013
LowLight,0.25,restored,1,sidewalk,0.6922781954946787,0.7859240965613667,13341609,12290239
LowLight,0.25,restored,2,building,0.8586214066585528,0.9547966764486318,54242339,57866158
LowLight,0.25,restored,3,wall,0.4035496149639489,0.5174736594659545,1259181,1007066
LowLight,0.25,restored,4,fence,0.37254755207674195,0.5654732438604742,2904866,3146924
LowLight,0.25,restored,5,pole,0.29328443447661984,0.39872950422147174,3268173,2478129
LowLight,0.25,restored,6,traffic light,0.3343601299498997,0.3702784766556576,488084,233159
LowLight,0.25,restored,7,traffic sign,0.4852488199853565,0.5508530742180002,1656714,1136589
LowLight,0.25,restored,8,vegetation,0.8624703602328703,0.9350417601980372,37874102,38600732
LowLight,0.25,restored,9,terrain,0.47036154037880284,0.5454421504249524,1774905,1251424
LowLight,0.25,restored,10,sky,0.9099633875143716,0.9415575731083378,7910794,7723133
LowLight,0.25,restored,11,person,0.5127559838000822,0.659705425349388,3186357,3015227
LowLight,0.25,restored,12,rider,0.17565359298877933,0.21275566830505788,378420,160442
LowLight,0.25,restored,13,car,0.8736132084074033,0.9398809129244762,13170027,13377266
LowLight,0.25,restored,14,truck,0.7795703938237335,0.8296140473962306,866609,774582
LowLight,0.25,restored,15,bus,0.6139886178766291,0.654418208678669,638992,460244
LowLight,0.25,restored,16,train,0.2419791312665987,0.605864834628051,63463,133885
LowLight,0.25,restored,17,motorcycle,0.2827091574549891,0.34561496896530947,199132,113132
LowLight,0.25,restored,18,bicycle,0.5331307559203367,0.6688640069425377,1474965,1362072
LowLight,0.1,distorted,0,road,0.9421369683591111,0.9698413295831746,83055684,82993160
LowLight,0.1,distorted,1,sidewalk,0.6389901459001915,0.744238719632692,13341609,12126849
LowLight,0.1,distorted,2,building,0.839258274038127,0.9425478683727115,54242339,57801740
LowLight,0.1,distorted,3,wall,0.3758429655892526,0.4993936534938186,1259181,1042757
LowLight,0.1,distorted,4,fence,0.31715086754982386,0.4991183758562357,2904866,3116559
LowLight,0.1,distorted,5,pole,0.25165542344178626,0.3421171400657187,3268173,2292897
LowLight,0.1,distorted,6,traffic light,0.2289074314314007,0.24438416338171298,488084,152280
LowLight,0.1,distorted,7,traffic sign,0.4167853104302407,0.4671971142876803,1656714,974398
LowLight,0.1,distorted,8,vegetation,0.8321499986757106,0.9191494494047674,37874102,38771614
LowLight,0.1,distorted,9,terrain,0.37698197511130527,0.4414202450271986,1774905,1086867
LowLight,0.1,distorted,10,sky,0.8985923155204262,0.9182974553502468,7910794,7437937
LowLight,0.1,distorted,11,person,0.48690000954351725,0.6564788565750793,3186357,3201529
LowLight,0.1,distorted,12,rider,0.21269340487030775,0.29751334496062576,378420,263495
LowLight,0.1,distorted,13,car,0.8415165030292184,0.9194060118479636,13170027,13327600
LowLight,0.1,distorted,14,truck,0.749700305864309,0.7851545506681791,866609,721405
LowLight,0.1,distorted,15,bus,0.4696307249853,0.6312129103337757,638992,623193
LowLight,0.1,distorted,16,train,0.11270003705206698,0.6038951830200274,63463,314924
LowLight,0.1,distorted,17,motorcycle,0.15844228876704625,0.1867655625414298,199132,72788
LowLight,0.1,distorted,18,bicycle,0.4805856366252053,0.639821283894872,1474965,1432424
LowLight,0.1,restored,0,road,0.9532295001078726,0.9738771039439035,83055684,82685072
LowLight,0.1,restored,1,sidewalk,0.6935998292780713,0.7873590059489826,13341609,12308123
LowLight,0.1,restored,2,building,0.8512199055869215,0.9555422932628329,54242339,58478591
LowLight,0.1,restored,3,wall,0.387175715307693,0.4964345872436131,1259181,980435
LowLight,0.1,restored,4,fence,0.3573398766133492,0.5376323727152991,2904866,3027373
LowLight,0.1,restored,5,pole,0.2922206301414726,0.3936939690769124,3268173,2421530
LowLight,0.1,restored,6,traffic light,0.3028515970762176,0.3343768695552405,488084,214011
LowLight,0.1,restored,7,traffic sign,0.4718811742435319,0.5162448074924217,1656714,1011025
LowLight,0.1,restored,8,vegetation,0.8597581106592977,0.9289245722578452,37874102,38229108
LowLight,0.1,restored,9,terrain,0.42016615567695254,0.47662719976562123,1774905,1084476
LowLight,0.1,restored,10,sky,0.9059127098721047,0.9453875300001492,7910794,7823476
LowLight,0.1,restored,11,person,0.49774667886206925,0.6517257796285852,3186357,3062338
LowLight,0.1,restored,12,rider,0.1845026209465447,0.22722900480947095,378420,173621
LowLight,0.1,restored,13,car,0.8572874963967194,0.9335169927897642,13170027,13465515
LowLight,0.1,restored,14,truck,0.7783874134062284,0.8253964590720844,866609,767633
LowLight,0.1,restored,15,bus,0.5466867694251346,0.5742575806895861,638992,399172
LowLight,0.1,restored,16,train,0.17666929975372891,0.5991049903093141,63463,189768
LowLight,0.1,restored,17,motorcycle,0.16666025819723346,0.1741307273567282,199132,43601
LowLight,0.1,restored,18,bicycle,0.5119219346179201,0.6575722135779493,1474965,1389548
MotionBlur,3.0,distorted,0,road,0.9609633902434777,0.9792423357804145,83055684,82911484
MotionBlur,3.0,distorted,1,sidewalk,0.7305021830512881,0.8086198598684762,13341609,12215001
MotionBlur,3.0,distorted,2,building,0.866972753597772,0.9478481375959839,54242339,56473486
MotionBlur,3.0,distorted,3,wall,0.3589205334607745,0.4771545949311497,1259181,1015618
MotionBlur,3.0,distorted,4,fence,0.38588754287106247,0.5758812971063036,2904866,3103084
MotionBlur,3.0,distorted,5,pole,0.3013805985300686,0.40878435749882275,3268173,2500665
MotionBlur,3.0,distorted,6,traffic light,0.3997679157287667,0.4453762057350784,488084,273065
MotionBlur,3.0,distorted,7,traffic sign,0.5178711270383421,0.5951504001294128,1656714,1233217
MotionBlur,3.0,distorted,8,vegetation,0.864947260854091,0.9426742579929683,37874102,39106432
MotionBlur,3.0,distorted,9,terrain,0.5040014267238292,0.6066409188097391,1774905,1438188
MotionBlur,3.0,distorted,10,sky,0.9193893893134812,0.9502052512048728,7910794,7782030
MotionBlur,3.0,distorted,11,person,0.5673142556713152,0.7219972526618957,3186357,3169328
MotionBlur,3.0,distorted,12,rider,0.2145567746320877,0.27192273135669365,378420,204079
MotionBlur,3.0,distorted,13,car,0.8748286947681367,0.9410024747861185,13170027,13389235
MotionBlur,3.0,distorted,14,truck,0.7883087643604363,0.8500765627866778,866609,804587
MotionBlur,3.0,distorted,15,bus,0.6024297155607671,0.662507511831134,638992,487061
MotionBlur,3.0,distorted,16,train,0.255884803500671,0.633944187952035,63463,133996
MotionBlur,3.0,distorted,17,motorcycle,0.3755535754658013,0.42543137215515336,199132,111164
MotionBlur,3.0,distorted,18,bicycle,0.542060667247553,0.6858108497489771,1474965,1402696
MotionBlur,3.0,restored,0,road,0.9627713184086047,0.9802124921396108,83055684,82916822
MotionBlur,3.0,restored,1,sidewalk,0.7413951839606352,0.8192445154103977,13341609,12330960
MotionBlur,3.0,restored,2,building,0.8675670709876694,0.949813521131528,54242339,56662349
MotionBlur,3.0,restored,3,wall,0.37263371184107713,0.48138035754986774,1259181,973615
MotionBlur,3.0,restored,4,fence,0.38669263896548894,0.5672130831508235,2904866,3003762
MotionBlur,3.0,restored,5,pole,0.30164887511517485,0.4068009863614931,3268173,2468752
MotionBlur,3.0,restored,6,traffic light,0.4041401719729736,0.44950869112693714,488084,274190
MotionBlur,3.0,restored,7,traffic sign,0.519573512718804,0.5989857030241792,1656714,1245562
MotionBlur,3.0,restored,8,vegetation,0.8669172401440973,0.9430244445135624,37874102,39041195
MotionBlur,3.0,restored,9,terrain,0.5054440038621258,0.6075733630814043,1774905,1437020
MotionBlur,3.0,restored,10,sky,0.9205859951415658,0.9518660200227689,7910794,7798812
MotionBlur,3.0,restored,11,person,0.5666674239161784,0.7202137111441059,3186357,3158245
MotionBlur,3.0,restored,12,rider,0.20963194215544045,0.2638602610855663,378420,197741
MotionBlur,3.0,restored,13,car,0.8756214549215662,0.9392687653563656,13170027,13327500
MotionBlur,3.0,restored,14,truck,0.7839234451798659,0.8495376807764516,866609,808752
MotionBlur,3.0,restored,15,bus,0.6002832022374736,0.6408718732002905,638992,452718
MotionBlur,3.0,restored,16,train,0.23884597665388274,0.6290279375384082,63463,143594
MotionBlur,3.0,restored,17,motorcycle,0.37606363135736237,0.4252405439607898,199132,110719
MotionBlur,3.0,restored,18,bicycle,0.5470529845481451,0.6897526381981945,1474965,1402108
MotionBlur,5.0,distorted,0,road,0.9577305163112719,0.9777184545250389,83055684,82938456
MotionBlur,5.0,distorted,1,sidewalk,0.7097195572931208,0.7888114544505089,13341609,12010817
MotionBlur,5.0,distorted,2,building,0.8662256446054664,0.9447223136893119,54242339,56159345
MotionBlur,5.0,distorted,3,wall,0.3259084558648219,0.4722267886824849,1259181,1159935
MotionBlur,5.0,distorted,4,fence,0.37777932690865146,0.5764610140364478,2904866,3202269
MotionBlur,5.0,distorted,5,pole,0.29815489151680563,0.4060651012048628,3268173,2509930
MotionBlur,5.0,distorted,6,traffic light,0.3935043840657162,0.44126420861982774,488084,274613
MotionBlur,5.0,distorted,7,traffic sign,0.5156581063606133,0.5865731804041011,1656714,1199621
MotionBlur,5.0,distorted,8,vegetation,0.8616807968676998,0.9420703888900125,37874102,39213494
MotionBlur,5.0,distorted,9,terrain,0.5019081143594041,0.6034655375921528,1774905,1430233
MotionBlur,5.0,distorted,10,sky,0.9160531432694341,0.9480373272265717,7910794,7775935
MotionBlur,5.0,distorted,11,person,0.5651153010185556,0.7223870394936914,3186357,3188547
MotionBlur,5.0,distorted,12,rider,0.22356548167514556,0.28788383277839436,378420,217810
MotionBlur,5.0,distorted,13,car,0.8715838357698255,0.9421047504306559,13170027,13473148
MotionBlur,5.0,distorted,14,truck,0.7875240418996142,0.8514058820067643,866609,808133
MotionBlur,5.0,distorted,15,bus,0.6039889175597434,0.6956252973433157,638992,541446
MotionBlur,5.0,distorted,16,train,0.27223517991722057,0.6363550415202559,63463,125268
MotionBlur,5.0,distorted,17,motorcycle,0.36480249672701304,0.4155936765562541,199132,110483
MotionBlur,5.0,distorted,18,bicycle,0.5350821138561189,0.6829511208740546,1474965,1414933
MotionBlur,5.0,restored,0,road,0.9588241645172766,0.9785675716065381,83055684,82985821
MotionBlur,5.0,restored,1,sidewalk,0.7164481893304312,0.7946704928918243,13341609,12058829
MotionBlur,5.0,restored,2,building,0.8669285511232201,0.9468910623489153,54242339,56364713
MotionBlur,5.0,restored,3,wall,0.34249470610193067,0.4743615095844045,1259181,1082115
MotionBlur,5.0,restored,4,fence,0.37993585772059574,0.5718876533375378,2904866,3128858
MotionBlur,5.0,restored,5,pole,0.29909934067320737,0.406147716170472,3268173,2497048
MotionBlur,5.0,restored,6,traffic light,0.4017086809056742,0.4489227264159448,488084,276478
MotionBlur,5.0,restored,7,traffic sign,0.5189001383523645,0.5924522880835196,1656714,1216357
MotionBlur,5.0,restored,8,vegetation,0.8636484335856175,0.9421341263747983,37874102,39124365
MotionBlur,5.0,restored,9,terrain,0.5014838788155458,0.6015916344818455,1774905,1422080
MotionBlur,5.0,restored,10,sky,0.9174443589827812,0.9497677477128086,7910794,7792130
MotionBlur,5.0,restored,11,person,0.5639993501333356,0.7212368231180624,3186357,3186443
MotionBlur,5.0,restored,12,rider,0.21665491927273328,0.27779715659848847,378420,211918
MotionBlur,5.0,restored,13,car,0.872960171714057,0.940883492493979,13170027,13416195
MotionBlur,5.0,restored,14,truck,0.786668048334147,0.8497188466771058,866609,805832
MotionBlur,5.0,restored,15,bus,0.5846002571666289,0.6652587199839748,638992,513258
MotionBlur,5.0,restored,16,train,0.24885377157105998,0.6337393441848006,63463,138373
MotionBlur,5.0,restored,17,motorcycle,0.36494382419758326,0.4146495791736135,199132,109692
MotionBlur,5.0,restored,18,bicycle,0.538358179490935,0.6877993715105104,1474965,1423911
MotionBlur,9.0,distorted,0,road,0.9554794220555183,0.9770826160434727,83055684,83030137
MotionBlur,9.0,distorted,1,sidewalk,0.6945914571840064,0.7752067235668502,13341609,11890951
MotionBlur,9.0,distorted,2,building,0.8620709215513839,0.9402689843444989,54242339,55922687
MotionBlur,9.0,distorted,3,wall,0.31522851041110517,0.46889446394124434,1259181,1204242
MotionBlur,9.0,distorted,4,fence,0.35583891546086677,0.547901693227846,2904866,3159472
MotionBlur,9.0,distorted,5,pole,0.2892662094789576,0.39587959388930755,3268173,2498337
MotionBlur,9.0,distorted,6,traffic light,0.37781724778664333,0.42492480802484817,488084,268255
MotionBlur,9.0,distorted,7,traffic sign,0.5029372087677209,0.5718114291301939,1656714,1174205
MotionBlur,9.0,distorted,8,vegetation,0.8569313301276688,0.9430561812396239,37874102,39523897
MotionBlur,9.0,distorted,9,terrain,0.49947967141559896,0.5900512985202024,1774905,1369132
MotionBlur,9.0,distorted,10,sky,0.9130073507707801,0.9450458449556391,7910794,7753662
MotionBlur,9.0,distorted,11,person,0.561004222046559,0.7183033790626725,3186357,3182189
MotionBlur,9.0,distorted,12,rider,0.21627613754425604,0.28330162253580676,378420,224482
MotionBlur,9.0,distorted,13,car,0.8685084653625111,0.9428254019524789,13170027,13543975
MotionBlur,9.0,distorted,14,truck,0.7767473159782744,0.84178331865928,866609,802057
MotionBlur,9.0,distorted,15,bus,0.6025999092199046,0.6918584270225605,638992,536741
MotionBlur,9.0,distorted,16,train,0.25134914559384547,0.6260183098813482,63463,134329
MotionBlur,9.0,distorted,17,motorcycle,0.3420673478173017,0.3910622099913625,199132,106395
MotionBlur,9.0,distorted,18,bicycle,0.5230758177345249,0.676228249483886,1474965,1429271
MotionBlur,9.0,restored,0,road,0.9583016815690724,0.978782054217987,83055684,83068440
MotionBlur,9.0,restored,1,sidewalk,0.7108024282154047,0.7924333564265,13341609,12104531
MotionBlur,9.0,restored,2,building,0.8620544034826841,0.9447924987158094,54242339,56453816
MotionBlur,9.0,restored,3,wall,0.3532827620155368,0.4821880253911074,1259181,1066610
MotionBlur,9.0,restored,4,fence,0.35403253481189534,0.524201460583724,2904866,2918985
MotionBlur,9.0,restored,5,pole,0.2923985697334143,0.3954646831731368,3268173,2444429
MotionBlur,9.0,restored,6,traffic light,0.39180660915697435,0.4382012112669131,488084,271674
MotionBlur,9.0,restored,7,traffic sign,0.5088837549972771,0.5820865882705162,1656714,1202669
MotionBlur,9.0,restored,8,vegetation,0.8608192178673918,0.943231287701554,37874102,39349983
MotionBlur,9.0,restored,9,terrain,0.49284098353035666,0.5794479141137131,1774905,1340369
MotionBlur,9.0,restored,10,sky,0.9152735461682885,0.9479589532984932,7910794,7781611
MotionBlur,9.0,restored,11,person,0.56055473109584,0.7163648015586452,3186357,3168264
MotionBlur,9.0,restored,12,rider,0.1994064351071024,0.25869404365519794,378420,210407
MotionBlur,9.0,restored,13,car,0.8719644498646837,0.9402839493039764,13170027,13415453
MotionBlur,9.0,restored,14,truck,0.7875378367606347,0.8436272875079764,866609,792816
MotionBlur,9.0,restored,15,bus,0.6174737274684566,0.6489971705436062,638992,447326
MotionBlur,9.0,restored,16,train,0.21696278198164007,0.5764933898492035,63463,141751
MotionBlur,9.0,restored,17,motorcycle,0.3513005053267123,0.4032249964847438,199132,109728
MotionBlur,9.0,restored,18,bicycle,0.5349371465439212,0.694791401829874,1474965,1465554
MotionBlur,15.0,distorted,0,road,0.9493712489675056,0.9740366836302257,83055684,83057137
MotionBlur,15.0,distorted,1,sidewalk,0.6563298876964436,0.7470712115757552,13341609,11811685
MotionBlur,15.0,distorted,2,building,0.8493208825185832,0.9360268553315888,54242339,56309810
MotionBlur,15.0,distorted,3,wall,0.31021348814532007,0.462342586173076,1259181,1199677
MotionBlur,15.0,distorted,4,fence,0.333877146417683,0.5185223690180545,2904866,3112726
MotionBlur,15.0,distorted,5,pole,0.26066440840471433,0.35271419230254947,3268173,2306838
MotionBlur,15.0,distorted,6,traffic light,0.33818885211770633,0.37540054580768883,488084,236932
MotionBlur,15.0,distorted,7,traffic sign,0.4705747723542098,0.53365517524449,1656714,1106196
MotionBlur,15.0,distorted,8,vegetation,0.845367490977443,0.9378307900211073,37874102,39662034
MotionBlur,15.0,distorted,9,terrain,0.47619860239351375,0.5597009417405439,1774905,1304649
MotionBlur,15.0,distorted,10,sky,0.903602847883531,0.9346539677306728,7910794,7665699
MotionBlur,15.0,distorted,11,person,0.5436949017933765,0.6986932098317923,3186357,3134663
MotionBlur,15.0,distorted,12,rider,0.20448769792748694,0.28195655620738863,378420,250060
MotionBlur,15.0,distorted,13,car,0.8559059575467172,0.9400178146939259,13170027,13674309
MotionBlur,15.0,distorted,14,truck,0.7591027535258563,0.815177317567669,866609,770456
MotionBlur,15.0,distorted,15,bus,0.6726626749601923,0.7060667426196259,638992,482903
MotionBlur,15.0,distorted,16,train,0.1904279991566519,0.42695743976805384,63463,105923
MotionBlur,15.0,distorted,17,motorcycle,0.2377210391746679,0.2670690798063596,199132,77766
MotionBlur,15.0,distorted,18,bicycle,0.46985521525036894,0.6414864081520578,1474965,1484953
MotionBlur,15.0,restored,0,road,0.9500310260826149,0.9750482579855703,83055684,83170411
MotionBlur,15.0,restored,1,sidewalk,0.6636847416055984,0.761871225577065,13341609,12138365
MotionBlur,15.0,restored,2,building,0.8479549024659911,0.9435852867627998,54242339,57299598
MotionBlur,15.0,restored,3,wall,0.38171767784103544,0.5276286729231143,1259181,1145700
MotionBlur,15.0,restored,4,fence,0.31164506748236026,0.433961153457681,2904866,2400716
MotionBlur,15.0,restored,5,pole,0.2604130493611186,0.34097307578270797,3268173,2125384
MotionBlur,15.0,restored,6,traffic light,0.3338139843079379,0.36331860909187763,488084,220470
MotionBlur,15.0,restored,7,traffic sign,0.4681830442668842,0.5322167857578315,1656714,1108321
MotionBlur,15.0,restored,8,vegetation,0.8491286684742959,0.9388302592626486,37874102,39558357
MotionBlur,15.0,restored,9,terrain,0.45809048955538606,0.5258174381164062,1774905,1195689
MotionBlur,15.0,restored,10,sky,0.9071317001629974,0.9376364749227448,7910794,7683471
MotionBlur,15.0,restored,11,person,0.5396828888224127,0.6930215289749391,3186357,3113545
MotionBlur,15.0,restored,12,rider,0.18339014552117708,0.24041012631467681,378420,208635
MotionBlur,15.0,restored,13,car,0.8584736631455837,0.9310963447531276,13170027,13376684
MotionBlur,15.0,restored,14,truck,0.770561122179638,0.8243060018993571,866609,774795
MotionBlur,15.0,restored,15,bus,0.629088375431531,0.6556216666249343,638992,445888
MotionBlur,15.0,restored,16,train,0.07752020719489981,0.1716748341553346,63463,87976
MotionBlur,15.0,restored,17,motorcycle,0.21359086593392446,0.2666120964988048,199132,102523
MotionBlur,15.0,restored,18,bicycle,0.4734010340672561,0.6693731715667829,1474965,1597888
MotionBlur,25.0,distorted,0,road,0.928427115364553,0.9557787519996825,83055684,81829694
MotionBlur,25.0,distorted,1,sidewalk,0.5802901785219007,0.7252892061219902,13341609,13010237
MotionBlur,25.0,distorted,2,building,0.8257354018863816,0.9360347827183485,54242339,58018253
MotionBlur,25.0,distorted,3,wall,0.31362640916295526,0.4528816746758409,1259181,1129357
MotionBlur,25.0,distorted,4,fence,0.30074171604515576,0.4659671048509639,2904866,2949485
MotionBlur,25.0,distorted,5,pole,0.20004991510206535,0.2607141666001157,3268173,1843118
MotionBlur,25.0,distorted,6,traffic light,0.25687008103343895,0.275567320379279,488084,170027
MotionBlur,25.0,distorted,7,traffic sign,0.38957277296431125,0.4384745948908502,1656714,934389
MotionBlur,25.0,distorted,8,vegetation,0.8225821228732879,0.9235797062594382,37874102,39629978
MotionBlur,25.0,distorted,9,terrain,0.46092958881881274,0.5495792732568785,1774905,1316815
MotionBlur,25.0,distorted,10,sky,0.878069239046414,0.909089277258389,7910794,7471087
MotionBlur,25.0,distorted,11,person,0.4856807429523718,0.6267103780273209,3186357,2922162
MotionBlur,25.0,distorted,12,rider,0.17376327317791615,0.24380582421647903,378420,244799
MotionBlur,25.0,distorted,13,car,0.8277839512976456,0.9169836174215892,13170027,13495864
MotionBlur,25.0,distorted,14,truck,0.750096538147441,0.8002086292664858,866609,751364
MotionBlur,25.0,distorted,15,bus,0.6632615610472229,0.6957254550917695,638992,475839
MotionBlur,25.0,distorted,16,train,0.0,0.0,63463,5356
MotionBlur,25.0,distorted,17,motorcycle,0.044198743949903835,0.07305204587911536,199132,144542
MotionBlur,25.0,distorted,18,bicycle,0.3635200075567048,0.5218361113653545,1474965,1412050
MotionBlur,25.0,restored,0,road,0.9336878042592877,0.9621112505677516,83055684,82437200
MotionBlur,25.0,restored,1,sidewalk,0.6080037537604891,0.7416301886826394,13341609,12826745
MotionBlur,25.0,restored,2,building,0.814973807630141,0.933700259496553,54242339,58548181
MotionBlur,25.0,restored,3,wall,0.391330359644672,0.5334912137333712,1259181,1129192
MotionBlur,25.0,restored,4,fence,0.26815001858493825,0.34495532668288315,2904866,1834080
MotionBlur,25.0,restored,5,pole,0.19219124410255026,0.23525468205018524,3268173,1501138
MotionBlur,25.0,restored,6,traffic light,0.21955578753405536,0.22752231173322623,488084,128760
MotionBlur,25.0,restored,7,traffic sign,0.3838805211603468,0.42492065619050723,1656714,881089
MotionBlur,25.0,restored,8,vegetation,0.8184453108009855,0.934939949203284,37874102,40800878
MotionBlur,25.0,restored,9,terrain,0.44810076118036096,0.49648460058425664,1774905,1072859
MotionBlur,25.0,restored,10,sky,0.8742529055041044,0.898792080794924,7910794,7332205
MotionBlur,25.0,restored,11,person,0.4545058317172975,0.5812324231088983,3186357,2740443
MotionBlur,25.0,restored,12,rider,0.10609185003858128,0.12643887743776755,378420,120423
MotionBlur,25.0,restored,13,car,0.810036703812433,0.8999566211975116,13170027,13314421
MotionBlur,25.0,restored,14,truck,0.7687453501671164,0.7988712325858606,866609,726270
MotionBlur,25.0,restored,15,bus,0.6654768751388344,0.6844999624408443,638992,455656
MotionBlur,25.0,restored,16,train,0.0,0.0,63463,6365
MotionBlur,25.0,restored,17,motorcycle,0.014778186434474585,0.02899584195408071,199132,197353
MotionBlur,25.0,restored,18,bicycle,0.37616748730907285,0.5886071872891899,1474965,1701158
