distortion,level,condition,class_name,map_50_95,ap_50,precision_50,recall_50,mean_matched_iou_50,operating_confidence,precision_50_at_operating_confidence,recall_50_at_operating_confidence,f1_50_at_operating_confidence,gt_count,prediction_count,operating_prediction_count
GaussNoise,5.0,distorted,person,0.18015002424692253,0.3425486839181176,0.0639714993804213,0.5776223776223777,0.7172234847858179,0.25,0.641399416909621,0.3076923076923077,0.41587901701323254,715.0,6456.0,343.0
GaussNoise,5.0,distorted,bicycle,0.08895806761173572,0.16708633905843503,0.058787878787878785,0.3489208633093525,0.6820840865038419,0.25,0.6379310344827587,0.13309352517985612,0.22023809523809523,278.0,1650.0,58.0
GaussNoise,5.0,distorted,car,0.32777803288370483,0.5337351136061761,0.09374211455967701,0.6534740545294635,0.7616913097706006,0.25,0.8540925266903915,0.42216358839050133,0.5650382577987051,1137.0,7926.0,562.0
GaussNoise,5.0,distorted,motorcycle,0.056355267574760615,0.13233950091841762,0.07142857142857142,0.24324324324324326,0.6833472647833814,0.25,0.6,0.08108108108108109,0.14285714285714288,37.0,126.0,5.0
GaussNoise,5.0,distorted,bus,0.3594163719475315,0.5027793749274593,0.028169014084507043,0.5714285714285714,0.8161556820823191,0.25,0.875,0.3333333333333333,0.48275862068965514,21.0,426.0,8.0
GaussNoise,5.0,distorted,train,0.100990099009901,0.33663366336633666,0.011494252873563218,0.3333333333333333,0.6109976836497334,0.25,1.0,0.3333333333333333,0.5,3.0,87.0,1.0
GaussNoise,5.0,distorted,truck,0.1826140303024963,0.23565849686009419,0.02157164869029276,0.6086956521739131,0.7565519417414803,0.25,0.25925925925925924,0.30434782608695654,0.27999999999999997,23.0,649.0,27.0
GaussNoise,5.0,restored,person,0.18080556971707004,0.34363005562328697,0.06358024691358025,0.5762237762237762,0.7188112708894505,0.25,0.6443148688046647,0.3090909090909091,0.41776937618147447,715.0,6480.0,343.0
GaussNoise,5.0,restored,bicycle,0.0896798513198667,0.16915385741081065,0.05982905982905983,0.35251798561151076,0.6811827258077424,0.25,0.6206896551724138,0.12949640287769784,0.2142857142857143,278.0,1638.0,58.0
GaussNoise,5.0,restored,car,0.32754781197199795,0.5313994141321847,0.09432525072997335,0.6534740545294635,0.7620749316178926,0.25,0.849290780141844,0.4212840809146878,0.5631981187536743,1137.0,7877.0,564.0
GaussNoise,5.0,restored,motorcycle,0.05170447719013177,0.11586182203125972,0.07377049180327869,0.24324324324324326,0.6930380229313887,0.25,0.5,0.08108108108108109,0.13953488372093023,37.0,122.0,6.0
GaussNoise,5.0,restored,bus,0.36063542976371216,0.4976467546420194,0.02843601895734597,0.5714285714285714,0.8188156777847525,0.25,0.875,0.3333333333333333,0.48275862068965514,21.0,422.0,8.0
GaussNoise,5.0,restored,train,0.100990099009901,0.33663366336633666,0.011764705882352941,0.3333333333333333,0.6078184749304806,0.25,1.0,0.3333333333333333,0.5,3.0,85.0,1.0
GaussNoise,5.0,restored,truck,0.17649511883048535,0.231209591562943,0.0213089802130898,0.6086956521739131,0.7629055687592488,0.25,0.25,0.30434782608695654,0.27450980392156865,23.0,657.0,28.0
GaussNoise,10.0,distorted,person,0.16853968072860198,0.31840589070141284,0.06251993620414673,0.5482517482517483,0.7161096076191954,0.25,0.6296296296296297,0.2853146853146853,0.3926852743022136,715.0,6270.0,324.0
GaussNoise,10.0,distorted,bicycle,0.0825182575678011,0.16035191502646323,0.047164811870694226,0.32014388489208634,0.6990609784787878,0.25,0.6415094339622641,0.1223021582733813,0.2054380664652568,278.0,1887.0,53.0
GaussNoise,10.0,distorted,car,0.31300934355085097,0.5153340629395785,0.08267180766613745,0.6411609498680739,0.7571233943261421,0.25,0.8446969696969697,0.3922603342128408,0.5357357357357357,1137.0,8818.0,528.0
GaussNoise,10.0,distorted,motorcycle,0.029954549996925157,0.09240129758317446,0.05426356589147287,0.1891891891891892,0.714554957981315,0.25,0.6,0.08108108108108109,0.14285714285714288,37.0,129.0,5.0
GaussNoise,10.0,distorted,bus,0.3393240113485033,0.43904425530272323,0.03234501347708895,0.5714285714285714,0.8305986364646379,0.25,0.7777777777777778,0.3333333333333333,0.4666666666666666,21.0,371.0,9.0
GaussNoise,10.0,distorted,train,0.02244224422442244,0.1122112211221122,0.011235955056179775,0.3333333333333333,0.5755449208390158,0.25,0.0,0.0,0.0,3.0,89.0,0.0
GaussNoise,10.0,distorted,truck,0.17120743620394804,0.22114909088205784,0.02127659574468085,0.5652173913043478,0.7656301838972179,0.25,0.2,0.2608695652173913,0.22641509433962265,23.0,611.0,30.0
GaussNoise,10.0,restored,person,0.17070064851899552,0.32217784793641896,0.06350966107063669,0.5608391608391609,0.7131231260314855,0.25,0.6234567901234568,0.28251748251748254,0.3888354186717998,715.0,6314.0,324.0
GaussNoise,10.0,restored,bicycle,0.08563923768463981,0.16343906190371887,0.04911180773249739,0.3381294964028777,0.6984316594666453,0.25,0.6296296296296297,0.1223021582733813,0.20481927710843376,278.0,1914.0,54.0
GaussNoise,10.0,restored,car,0.31562944635230544,0.5177910948660991,0.08476544356711566,0.6420404573438874,0.7592453613295681,0.25,0.839924670433145,0.3922603342128408,0.5347721822541966,1137.0,8612.0,531.0
GaussNoise,10.0,restored,motorcycle,0.03440153531525299,0.11077159440081939,0.06015037593984962,0.21621621621621623,0.7050873230517232,0.25,0.5,0.08108108108108109,0.13953488372093023,37.0,133.0,6.0
GaussNoise,10.0,restored,bus,0.3491744698785988,0.4465935524656822,0.03278688524590164,0.5714285714285714,0.8318124156220986,0.25,0.875,0.3333333333333333,0.48275862068965514,21.0,366.0,8.0
GaussNoise,10.0,restored,train,0.033663366336633666,0.16831683168316833,0.012658227848101266,0.3333333333333333,0.5959410085970591,0.25,0.0,0.0,0.0,3.0,79.0,0.0
GaussNoise,10.0,restored,truck,0.1648596724596209,0.2177242281039217,0.01910828025477707,0.5217391304347826,0.7696180589683936,0.25,0.22580645161290322,0.30434782608695654,0.25925925925925924,23.0,628.0,31.0
GaussNoise,20.0,distorted,person,0.13510413849428696,0.2714157192780993,0.05663239507837519,0.4699300699300699,0.7093928848515928,0.25,0.6709401709401709,0.21958041958041957,0.3308746048472076,715.0,5933.0,234.0
GaussNoise,20.0,distorted,bicycle,0.06896931600850628,0.12441616173927231,0.04179254783484391,0.29856115107913667,0.6951425653946907,0.25,0.59375,0.0683453237410072,0.12258064516129033,278.0,1986.0,32.0
GaussNoise,20.0,distorted,car,0.28718615274821,0.4723068598189123,0.06453703703703703,0.6130167106420404,0.7493317834473927,0.25,0.8558758314855875,0.33948988566402816,0.4861460957178841,1137.0,10800.0,451.0
GaussNoise,20.0,distorted,motorcycle,0.04693405581462412,0.11857650630472867,0.08333333333333333,0.2972972972972973,0.6311406046837809,0.25,0.5,0.05405405405405406,0.0975609756097561,37.0,132.0,4.0
GaussNoise,20.0,distorted,bus,0.20693874265475326,0.2541656604684859,0.029045643153526972,0.3333333333333333,0.8261233032732304,0.25,0.6666666666666666,0.19047619047619047,0.2962962962962963,21.0,241.0,6.0
GaussNoise,20.0,distorted,train,0.02244224422442244,0.1122112211221122,0.008403361344537815,0.3333333333333333,0.5784001318292399,0.25,0.0,0.0,0.0,3.0,119.0,0.0
GaussNoise,20.0,distorted,truck,0.11367355081236141,0.16333757793523462,0.01455026455026455,0.4782608695652174,0.8007459963471067,0.25,0.2413793103448276,0.30434782608695654,0.2692307692307692,23.0,756.0,29.0
GaussNoise,20.0,restored,person,0.14201913418324633,0.28531043354525193,0.0583756345177665,0.4825174825174825,0.7099293578783086,0.25,0.6831275720164609,0.23216783216783216,0.34655532359081415,715.0,5910.0,243.0
GaussNoise,20.0,restored,bicycle,0.07506502936240964,0.137155454839231,0.040227165168007575,0.3057553956834532,0.6984252047350448,0.25,0.6,0.09712230215827339,0.1671826625386997,278.0,2113.0,45.0
GaussNoise,20.0,restored,car,0.29427917733867665,0.4833295860328071,0.06882551957467375,0.6262093227792436,0.7507498928869343,0.25,0.8401639344262295,0.3605980650835532,0.5046153846153846,1137.0,10345.0,488.0
GaussNoise,20.0,restored,motorcycle,0.0368558383697763,0.10770405066277453,0.07092198581560284,0.2702702702702703,0.644340667930832,0.25,0.5,0.05405405405405406,0.0975609756097561,37.0,141.0,4.0
GaussNoise,20.0,restored,bus,0.2107875229560813,0.2732580805872281,0.03829787234042553,0.42857142857142855,0.7628914552250468,0.25,0.6666666666666666,0.19047619047619047,0.2962962962962963,21.0,235.0,6.0
GaussNoise,20.0,restored,train,0.02244224422442244,0.1122112211221122,0.011764705882352941,0.3333333333333333,0.584318530497591,0.25,0.0,0.0,0.0,3.0,85.0,0.0
GaussNoise,20.0,restored,truck,0.11246201221712071,0.1606976760336777,0.01634877384196185,0.5217391304347826,0.788586189059215,0.25,0.23333333333333334,0.30434782608695654,0.26415094339622636,23.0,734.0,30.0
GaussNoise,35.0,distorted,person,0.07615128317694148,0.15876463330038773,0.04433497536945813,0.33986013986013985,0.6882984703361654,0.25,0.7107438016528925,0.12027972027972028,0.20574162679425836,715.0,5481.0,121.0
GaussNoise,35.0,distorted,bicycle,0.031100570395478044,0.04837561144730647,0.03306523681858802,0.13309352517985612,0.6970146628123361,0.25,0.7692307692307693,0.03597122302158273,0.06872852233676975,278.0,1119.0,13.0
GaussNoise,35.0,distorted,car,0.1983949581574562,0.34366876557406556,0.05761044366663513,0.5356200527704486,0.720288196486546,0.25,0.9327731092436975,0.19525065963060687,0.3229090909090909,1137.0,10571.0,238.0
GaussNoise,35.0,distorted,motorcycle,0.022340914646360354,0.08675153229608676,0.04580152671755725,0.16216216216216217,0.6443049371594071,0.25,0.6666666666666666,0.05405405405405406,0.1,37.0,131.0,3.0
GaussNoise,35.0,distorted,bus,0.08209195919591959,0.12942544254425442,0.060240963855421686,0.23809523809523808,0.7703318740041997,0.25,1.0,0.09523809523809523,0.17391304347826084,21.0,83.0,2.0
GaussNoise,35.0,distorted,train,0.0,0.0,0.0,0.0,0.0,0.25,0.0,0.0,0.0,3.0,227.0,0.0
GaussNoise,35.0,distorted,truck,0.03986638712091996,0.054239138697557296,0.006535947712418301,0.391304347826087,0.7860237617882626,0.25,0.12903225806451613,0.17391304347826086,0.14814814814814814,23.0,1377.0,31.0
GaussNoise,35.0,restored,person,0.09551198511936979,0.19661105312603638,0.05203784570596798,0.4,0.69195355841273,0.25,0.64,0.15664335664335666,0.251685393258427,715.0,5496.0,175.0
GaussNoise,35.0,restored,bicycle,0.04877479479690312,0.08708786818928077,0.033534909290819134,0.21942446043165467,0.6768229962811169,0.25,0.6428571428571429,0.06474820143884892,0.1176470588235294,278.0,1819.0,28.0
GaussNoise,35.0,restored,car,0.2417836093433574,0.41505880361680275,0.06050176614437098,0.5875109938434476,0.7368088419124493,0.25,0.9154078549848943,0.26649076517150394,0.41280653950953683,1137.0,11041.0,331.0
GaussNoise,35.0,restored,motorcycle,0.026155822442951154,0.09567010755129567,0.047058823529411764,0.21621621621621623,0.6726188597159508,0.25,0.6666666666666666,0.05405405405405406,0.1,37.0,170.0,3.0
GaussNoise,35.0,restored,bus,0.10125656100677242,0.19319037166874584,0.046357615894039736,0.3333333333333333,0.6920772685367631,0.25,0.75,0.14285714285714285,0.24,21.0,151.0,4.0
GaussNoise,35.0,restored,train,0.0,0.0,0.0,0.0,0.0,0.25,0.0,0.0,0.0,3.0,143.0,0.0
GaussNoise,35.0,restored,truck,0.07510587797754331,0.1022830738432614,0.009615384615384616,0.391304347826087,0.8315304139251034,0.25,0.1111111111111111,0.17391304347826086,0.13559322033898305,23.0,936.0,36.0
GaussNoise,50.0,distorted,person,0.043347692901130185,0.09520969032086661,0.03570561088170998,0.2055944055944056,0.6711888121005216,0.25,0.7241379310344828,0.05874125874125874,0.10866752910737387,715.0,4117.0,58.0
GaussNoise,50.0,distorted,bicycle,0.006357886861447129,0.01122604362041158,0.026022304832713755,0.025179856115107913,0.6395753898530186,0.25,1.0,0.007194244604316547,0.014285714285714287,278.0,269.0,2.0
GaussNoise,50.0,distorted,car,0.10278389862142463,0.18191709421744634,0.06631614654002714,0.3438874230430959,0.7152752018358189,0.25,0.9239130434782609,0.07475813544415127,0.1383238405207486,1137.0,5896.0,92.0
GaussNoise,50.0,distorted,motorcycle,0.0061988807576409816,0.012483857081360308,0.08695652173913043,0.05405405405405406,0.6608632503941694,0.25,0.0,0.0,0.0,37.0,23.0,0.0
GaussNoise,50.0,distorted,bus,0.011551155115511549,0.0165016501650165,0.0625,0.047619047619047616,0.8153401795049111,0.25,0.0,0.0,0.0,21.0,16.0,0.0
GaussNoise,50.0,distorted,train,0.0,0.0,0.0,0.0,0.0,0.25,0.0,0.0,0.0,3.0,178.0,0.0
GaussNoise,50.0,distorted,truck,0.03837479173064181,0.06272500968991125,0.009411764705882352,0.34782608695652173,0.7806710425288612,0.25,0.21428571428571427,0.13043478260869565,0.16216216216216214,23.0,850.0,14.0
GaussNoise,50.0,restored,person,0.08138465975427164,0.17494785710919583,0.045526454561434344,0.3622377622377622,0.6835574530845429,0.25,0.68,0.14265734265734265,0.23583815028901733,715.0,5689.0,150.0
GaussNoise,50.0,restored,bicycle,0.03410822235776776,0.06363893009481417,0.03616133518776078,0.18705035971223022,0.6492908946493421,0.25,0.8461538461538461,0.039568345323741004,0.07560137457044673,278.0,1438.0,13.0
GaussNoise,50.0,restored,car,0.19924282588300862,0.35160144718450753,0.06281176829889036,0.5426561125769569,0.7278848603371187,0.25,0.8872727272727273,0.21459982409850484,0.34560906515580736,1137.0,9823.0,275.0
GaussNoise,50.0,restored,motorcycle,0.04747843907356377,0.12265598169220178,0.050359712230215826,0.1891891891891892,0.6889922969613798,0.25,1.0,0.02702702702702703,0.052631578947368425,37.0,139.0,1.0
GaussNoise,50.0,restored,bus,0.06842973771061316,0.10986624978287303,0.05952380952380952,0.23809523809523808,0.723791557167244,0.25,1.0,0.09523809523809523,0.17391304347826084,21.0,84.0,2.0
GaussNoise,50.0,restored,train,0.0,0.0,0.0,0.0,0.0,0.25,0.0,0.0,0.0,3.0,141.0,0.0
GaussNoise,50.0,restored,truck,0.06787204382583227,0.09783076562398926,0.012461059190031152,0.5217391304347826,0.7561501022324538,0.25,0.19230769230769232,0.21739130434782608,0.20408163265306123,23.0,963.0,26.0
SevereJPEG,80.0,distorted,person,0.1870752432563092,0.3504626351635884,0.06293063849333946,0.5748251748251748,0.7245120692020486,0.25,0.6495726495726496,0.31888111888111886,0.4277673545966229,715.0,6531.0,351.0
SevereJPEG,80.0,distorted,bicycle,0.09655475216277301,0.1863206718592047,0.06827309236947791,0.3669064748201439,0.6889932029168658,0.25,0.6785714285714286,0.1366906474820144,0.22754491017964074,278.0,1494.0,56.0
SevereJPEG,80.0,distorted,car,0.32920673509404375,0.5321632552223745,0.09797966459791364,0.6525945470536499,0.7593052146223497,0.25,0.8402777777777778,0.4256816182937555,0.5650904845300642,1137.0,7573.0,576.0
SevereJPEG,80.0,distorted,motorcycle,0.053280958042886475,0.12704306435826848,0.06870229007633588,0.24324324324324326,0.7079839361473783,0.25,0.75,0.08108108108108109,0.14634146341463414,37.0,131.0,4.0
SevereJPEG,80.0,distorted,bus,0.3294076883057764,0.42041611796647643,0.024336283185840708,0.5238095238095238,0.8381891177221381,0.25,0.875,0.3333333333333333,0.48275862068965514,21.0,452.0,8.0
SevereJPEG,80.0,distorted,train,0.036723672367236726,0.16831683168316833,0.011627906976744186,0.3333333333333333,0.594875202542595,0.25,0.0,0.0,0.0,3.0,86.0,0.0
SevereJPEG,80.0,distorted,truck,0.18917206362322028,0.23885593121136847,0.019858156028368795,0.6086956521739131,0.78329155250592,0.25,0.2413793103448276,0.30434782608695654,0.2692307692307692,23.0,705.0,29.0
SevereJPEG,80.0,restored,person,0.18723313298635286,0.34816421132544983,0.06284488044144697,0.5734265734265734,0.7251562630771017,0.25,0.6430594900849859,0.3174825174825175,0.42509363295880154,715.0,6524.0,353.0
SevereJPEG,80.0,restored,bicycle,0.09577422267731023,0.18442145222182543,0.06845637583892618,0.3669064748201439,0.6896141153578499,0.25,0.6551724137931034,0.1366906474820144,0.2261904761904762,278.0,1490.0,58.0
SevereJPEG,80.0,restored,car,0.32856272677865517,0.5301729300384611,0.09783183500793231,0.6508355321020228,0.7607485338588946,0.25,0.8350515463917526,0.42744063324538256,0.5654450261780104,1137.0,7564.0,582.0
SevereJPEG,80.0,restored,motorcycle,0.05067278156387067,0.12366808109382367,0.06666666666666667,0.24324324324324326,0.7103784833741111,0.25,0.75,0.08108108108108109,0.14634146341463414,37.0,135.0,4.0
SevereJPEG,80.0,restored,bus,0.3301357542586557,0.42198358034561223,0.024229074889867842,0.5238095238095238,0.8406630837729868,0.25,0.8571428571428571,0.2857142857142857,0.42857142857142855,21.0,454.0,7.0
SevereJPEG,80.0,restored,train,0.03702970297029703,0.16831683168316833,0.011235955056179775,0.3333333333333333,0.5763479004108049,0.25,0.0,0.0,0.0,3.0,89.0,0.0
SevereJPEG,80.0,restored,truck,0.19759662578760734,0.2456124615675756,0.02,0.6086956521739131,0.7874511144520131,0.25,0.20689655172413793,0.2608695652173913,0.23076923076923075,23.0,700.0,29.0
SevereJPEG,60.0,distorted,person,0.18291920878589324,0.3445862135610022,0.06168732990625945,0.5706293706293706,0.7237605315003528,0.25,0.6477272727272727,0.31888111888111886,0.42736644798500467,715.0,6614.0,352.0
SevereJPEG,60.0,distorted,bicycle,0.09438285643224005,0.18484761764449914,0.06684491978609626,0.3597122302158273,0.691712474228401,0.25,0.7142857142857143,0.14388489208633093,0.23952095808383234,278.0,1496.0,56.0
SevereJPEG,60.0,distorted,car,0.32438497033363084,0.5264849844917217,0.09617658651951123,0.6437994722955145,0.7637903499027434,0.25,0.8392226148409894,0.4177660510114336,0.557839107457428,1137.0,7611.0,566.0
SevereJPEG,60.0,distorted,motorcycle,0.055117637228995854,0.13311471013997064,0.07586206896551724,0.2972972972972973,0.6716588197326819,0.25,0.6666666666666666,0.10810810810810811,0.18604651162790697,37.0,145.0,6.0
SevereJPEG,60.0,distorted,bus,0.33938858171531444,0.4434596520876578,0.026785714285714284,0.5714285714285714,0.8280425474935519,0.25,1.0,0.3333333333333333,0.5,21.0,448.0,7.0
SevereJPEG,60.0,distorted,train,0.0504950495049505,0.16831683168316833,0.013157894736842105,0.3333333333333333,0.6055992243668928,0.25,0.0,0.0,0.0,3.0,76.0,1.0
SevereJPEG,60.0,distorted,truck,0.1841530074435142,0.23901800366978274,0.020802377414561663,0.6086956521739131,0.7642782443886917,0.25,0.25806451612903225,0.34782608695652173,0.2962962962962963,23.0,673.0,31.0
SevereJPEG,60.0,restored,person,0.18192803325191595,0.34377659394682886,0.06170406306852638,0.5692307692307692,0.7248035839028982,0.25,0.6485714285714286,0.3174825174825175,0.42629107981220654,715.0,6596.0,350.0
SevereJPEG,60.0,restored,bicycle,0.09609962460470281,0.18663632243104167,0.06764902880107167,0.36330935251798563,0.6874750342941218,0.25,0.7272727272727273,0.14388489208633093,0.24024024024024024,278.0,1493.0,55.0
SevereJPEG,60.0,restored,car,0.32446138972639915,0.5275658812165677,0.09577391076802302,0.6437994722955145,0.7628254422123416,0.25,0.8434163701067615,0.41688654353562005,0.5579752795762213,1137.0,7643.0,562.0
SevereJPEG,60.0,restored,motorcycle,0.053483276444935446,0.13559319517475765,0.0763888888888889,0.2972972972972973,0.6621399255150741,0.25,0.6666666666666666,0.10810810810810811,0.18604651162790697,37.0,144.0,6.0
SevereJPEG,60.0,restored,bus,0.3474683820689317,0.44557152788149673,0.027522935779816515,0.5714285714285714,0.8168027600129885,0.25,1.0,0.3333333333333333,0.5,21.0,436.0,7.0
SevereJPEG,60.0,restored,train,0.0504950495049505,0.16831683168316833,0.013333333333333334,0.3333333333333333,0.6037675505815494,0.25,0.0,0.0,0.0,3.0,75.0,1.0
SevereJPEG,60.0,restored,truck,0.18754698926210578,0.24182319813408656,0.0213089802130898,0.6086956521739131,0.7638109812230087,0.25,0.25,0.34782608695652173,0.2909090909090909,23.0,657.0,32.0
SevereJPEG,40.0,distorted,person,0.18005127503478113,0.3423811618106853,0.06037059175134489,0.5650349650349651,0.7244416300333819,0.25,0.6540697674418605,0.3146853146853147,0.42492917847025496,715.0,6692.0,344.0
SevereJPEG,40.0,distorted,bicycle,0.09311150033864393,0.17704829001221242,0.06212424849699399,0.3345323741007194,0.6931991189345379,0.25,0.6730769230769231,0.12589928057553956,0.21212121212121213,278.0,1497.0,52.0
SevereJPEG,40.0,distorted,car,0.32723273864233404,0.5321266653301889,0.09653561697158428,0.6543535620052771,0.7591854088243125,0.25,0.8405017921146953,0.4124890061565523,0.5533923303834808,1137.0,7707.0,558.0
SevereJPEG,40.0,distorted,motorcycle,0.050562577555930036,0.1448161449004941,0.0661764705882353,0.24324324324324326,0.6505846360246967,0.25,0.6666666666666666,0.10810810810810811,0.18604651162790697,37.0,136.0,6.0
SevereJPEG,40.0,distorted,bus,0.32929295925340507,0.3963077212243838,0.025404157043879907,0.5238095238095238,0.8674573825539679,0.25,1.0,0.2857142857142857,0.4444444444444445,21.0,433.0,6.0
SevereJPEG,40.0,distorted,train,0.07106710671067107,0.33663366336633666,0.010869565217391304,0.3333333333333333,0.569628430293496,0.25,0.0,0.0,0.0,3.0,92.0,0.0
SevereJPEG,40.0,distorted,truck,0.18552267485704851,0.2344511039732736,0.020437956204379562,0.6086956521739131,0.7859021388456541,0.25,0.20689655172413793,0.2608695652173913,0.23076923076923075,23.0,685.0,29.0
SevereJPEG,40.0,restored,person,0.1810432786178293,0.34275862830357645,0.06061966771441401,0.5664335664335665,0.7239250814752186,0.25,0.6521739130434783,0.3146853146853147,0.42452830188679247,715.0,6681.0,345.0
SevereJPEG,40.0,restored,bicycle,0.0937920475139292,0.17860192594851115,0.06347062795408508,0.3381294964028777,0.6987110574743751,0.25,0.6607142857142857,0.13309352517985612,0.2215568862275449,278.0,1481.0,56.0
SevereJPEG,40.0,restored,car,0.32583642317187433,0.5312647282430759,0.0959792477302205,0.6508355321020228,0.7609663321681887,0.25,0.8372093023255814,0.41160949868073876,0.5518867924528302,1137.0,7710.0,559.0
SevereJPEG,40.0,restored,motorcycle,0.05034208443078954,0.13907897536380323,0.06382978723404255,0.24324324324324326,0.6440315571588776,0.25,0.6,0.08108108108108109,0.14285714285714288,37.0,141.0,5.0
SevereJPEG,40.0,restored,bus,0.32025623343046133,0.3962941070226425,0.025821596244131457,0.5238095238095238,0.8667127804853841,0.25,0.8571428571428571,0.2857142857142857,0.42857142857142855,21.0,426.0,7.0
SevereJPEG,40.0,restored,train,0.07106710671067107,0.33663366336633666,0.010869565217391304,0.3333333333333333,0.5609329761867445,0.25,0.0,0.0,0.0,3.0,92.0,0.0
SevereJPEG,40.0,restored,truck,0.19545033853094612,0.23996688524352897,0.020710059171597635,0.6086956521739131,0.791101510619103,0.25,0.21428571428571427,0.2608695652173913,0.23529411764705882,23.0,676.0,28.0
SevereJPEG,20.0,distorted,person,0.17171980685095198,0.33500053224511783,0.05602087052038995,0.5706293706293706,0.7103400832533393,0.25,0.6677115987460815,0.29790209790209793,0.41199226305609293,715.0,7283.0,319.0
SevereJPEG,20.0,distorted,bicycle,0.08232860313820708,0.1508830388514666,0.05926430517711172,0.3129496402877698,0.6866189863065799,0.25,0.68,0.1223021582733813,0.2073170731707317,278.0,1468.0,50.0
SevereJPEG,20.0,distorted,car,0.3162304854457193,0.5174780851151903,0.08839980544747082,0.6394019349164468,0.7598399534492666,0.25,0.8300180831826401,0.40369393139841686,0.5431952662721894,1137.0,8224.0,553.0
SevereJPEG,20.0,distorted,motorcycle,0.03830919886607253,0.103648929400629,0.046242774566473986,0.21621621621621623,0.6670054771033977,0.25,0.6,0.08108108108108109,0.14285714285714288,37.0,173.0,5.0
SevereJPEG,20.0,distorted,bus,0.3175255953985766,0.41100110011001095,0.0273972602739726,0.5714285714285714,0.8241280683116522,0.25,0.8571428571428571,0.2857142857142857,0.42857142857142855,21.0,438.0,7.0
SevereJPEG,20.0,distorted,train,0.03702970297029703,0.16831683168316833,0.012048192771084338,0.3333333333333333,0.5406366097103299,0.25,0.0,0.0,0.0,3.0,83.0,1.0
SevereJPEG,20.0,distorted,truck,0.17604265645081563,0.22332118171811915,0.017456359102244388,0.6086956521739131,0.7962550003422406,0.25,0.2222222222222222,0.2608695652173913,0.24,23.0,802.0,27.0
SevereJPEG,20.0,restored,person,0.17084058816168626,0.3300870606037286,0.05620805369127517,0.5622377622377622,0.7143635157927092,0.25,0.6698717948717948,0.2923076923076923,0.4070107108081792,715.0,7152.0,312.0
SevereJPEG,20.0,restored,bicycle,0.08111028601992298,0.14786988820347402,0.0613540197461213,0.3129496402877698,0.6930007986026949,0.25,0.6530612244897959,0.11510791366906475,0.19571865443425074,278.0,1418.0,49.0
SevereJPEG,20.0,restored,car,0.3159331304423212,0.5150256756800208,0.0888698210345673,0.6376429199648197,0.7600008594380867,0.25,0.8196428571428571,0.40369393139841686,0.5409546258102533,1137.0,8158.0,560.0
SevereJPEG,20.0,restored,motorcycle,0.04484666485362933,0.10356208034596563,0.048484848484848485,0.21621621621621623,0.6584049354059174,0.25,0.6,0.08108108108108109,0.14285714285714288,37.0,165.0,5.0
SevereJPEG,20.0,restored,bus,0.3242056696330795,0.41337994636902115,0.027972027972027972,0.5714285714285714,0.8219935017848411,0.25,0.8571428571428571,0.2857142857142857,0.42857142857142855,21.0,429.0,7.0
SevereJPEG,20.0,restored,train,0.031419141914191415,0.1122112211221122,0.012345679012345678,0.3333333333333333,0.5224100470541785,0.25,0.0,0.0,0.0,3.0,81.0,1.0
SevereJPEG,20.0,restored,truck,0.1737919918304594,0.21058164033684013,0.018300653594771243,0.6086956521739131,0.7924747868369179,0.25,0.2222222222222222,0.2608695652173913,0.24,23.0,765.0,27.0
SevereJPEG,5.0,distorted,person,0.11229036110384291,0.2371961564342299,0.03822454308093995,0.5118881118881119,0.6779600076976207,0.25,0.5983935742971888,0.2083916083916084,0.3091286307053942,715.0,9575.0,249.0
SevereJPEG,5.0,distorted,bicycle,0.043030791486082784,0.07775007679494475,0.060382916053019146,0.1474820143884892,0.6934434923488527,0.25,0.5833333333333334,0.050359712230215826,0.09271523178807947,278.0,679.0,24.0
SevereJPEG,5.0,distorted,car,0.250350189720869,0.43789146124516765,0.06378217083177919,0.6015831134564644,0.73843962086746,0.25,0.8134831460674158,0.31838170624450307,0.4576485461441214,1137.0,10724.0,445.0
SevereJPEG,5.0,distorted,motorcycle,0.012699824139256799,0.0863093735396181,0.019553072625698324,0.1891891891891892,0.6159408996093337,0.25,1.0,0.05405405405405406,0.10256410256410257,37.0,358.0,2.0
SevereJPEG,5.0,distorted,bus,0.1859387284983719,0.19762086098719758,0.011881188118811881,0.2857142857142857,0.88072479262747,0.25,0.4444444444444444,0.19047619047619047,0.26666666666666666,21.0,505.0,9.0
SevereJPEG,5.0,distorted,train,0.01122112211221122,0.02805280528052805,0.003246753246753247,0.3333333333333333,0.685235852344297,0.25,0.0,0.0,0.0,3.0,308.0,6.0
SevereJPEG,5.0,distorted,truck,0.1337519303759947,0.15901390475881738,0.007527504342790967,0.5652173913043478,0.7676449654407556,0.25,0.08955223880597014,0.2608695652173913,0.13333333333333333,23.0,1727.0,67.0
SevereJPEG,5.0,restored,person,0.11407377468771399,0.23377715726891857,0.038126247242936666,0.5076923076923077,0.6883071169817105,0.25,0.5984251968503937,0.2125874125874126,0.3137254901960785,715.0,9521.0,254.0
SevereJPEG,5.0,restored,bicycle,0.04540121878769958,0.08181613281567751,0.06748466257668712,0.15827338129496402,0.6919271905796214,0.25,0.6086956521739131,0.050359712230215826,0.09302325581395349,278.0,652.0,23.0
SevereJPEG,5.0,restored,car,0.2520625985178256,0.437022660435957,0.06331938633193863,0.5989445910290238,0.7402626528500893,0.25,0.8135964912280702,0.32629727352682497,0.46578782172002514,1137.0,10755.0,456.0
SevereJPEG,5.0,restored,motorcycle,0.020990234981737806,0.09321727837863374,0.020710059171597635,0.1891891891891892,0.6245809427404726,0.25,1.0,0.05405405405405406,0.10256410256410257,37.0,338.0,2.0
SevereJPEG,5.0,restored,bus,0.18450440066631096,0.1975005192826975,0.012474012474012475,0.2857142857142857,0.8862931857229005,0.25,0.4444444444444444,0.19047619047619047,0.26666666666666666,21.0,481.0,9.0
SevereJPEG,5.0,restored,train,0.01224122412241224,0.0306030603060306,0.003215434083601286,0.3333333333333333,0.6756142766952783,0.25,0.0,0.0,0.0,3.0,311.0,6.0
SevereJPEG,5.0,restored,truck,0.1504836429220266,0.17635870451960597,0.007756563245823389,0.5652173913043478,0.7752997256418731,0.25,0.10714285714285714,0.2608695652173913,0.15189873417721517,23.0,1676.0,56.0
LowLight,0.8,distorted,person,0.18834355125890803,0.3516412487763921,0.06342430248513493,0.5818181818181818,0.7212879308452339,0.25,0.6515580736543909,0.32167832167832167,0.4307116104868914,715.0,6559.0,353.0
LowLight,0.8,distorted,bicycle,0.09114588404371599,0.17291003890178971,0.0653061224489796,0.34532374100719426,0.6906868716250276,0.25,0.6785714285714286,0.1366906474820144,0.22754491017964074,278.0,1470.0,56.0
LowLight,0.8,distorted,car,0.3296100049933208,0.5307702802002512,0.09925625422582826,0.6455584872471416,0.7648313302783282,0.25,0.8528368794326241,0.4230430958663149,0.5655496766607878,1137.0,7395.0,564.0
LowLight,0.8,distorted,motorcycle,0.05557241011990148,0.14113306822485527,0.07751937984496124,0.2702702702702703,0.6710489217621209,0.25,0.75,0.08108108108108109,0.14634146341463414,37.0,129.0,4.0
LowLight,0.8,distorted,bus,0.3383839074973397,0.4492851596083979,0.027777777777777776,0.5714285714285714,0.8111444469177665,0.25,0.875,0.3333333333333333,0.48275862068965514,21.0,432.0,8.0
LowLight,0.8,distorted,train,0.032060348892032055,0.1122112211221122,0.011111111111111112,0.3333333333333333,0.5774129060235109,0.25,0.0,0.0,0.0,3.0,90.0,1.0
LowLight,0.8,distorted,truck,0.1771656473719516,0.22923845767873918,0.021875,0.6086956521739131,0.7694567669479193,0.25,0.26666666666666666,0.34782608695652173,0.30188679245283023,23.0,640.0,30.0
LowLight,0.8,restored,person,0.18910395990822562,0.35321830864285203,0.06383309979760236,0.5734265734265734,0.72769132848289,0.25,0.6505681818181818,0.3202797202797203,0.42924086223055297,715.0,6423.0,352.0
LowLight,0.8,restored,bicycle,0.09474360589026198,0.18479049923839427,0.06582278481012659,0.37410071942446044,0.6755218518779486,0.25,0.6896551724137931,0.14388489208633093,0.23809523809523808,278.0,1580.0,58.0
LowLight,0.8,restored,car,0.33287802289670665,0.5348847698510782,0.09845381260737412,0.6552330694810906,0.7622136920526095,0.25,0.842560553633218,0.4283201407211961,0.567930029154519,1137.0,7567.0,578.0
LowLight,0.8,restored,motorcycle,0.059141521643866615,0.14212372588610211,0.07751937984496124,0.2702702702702703,0.6824617631293284,0.25,0.6666666666666666,0.10810810810810811,0.18604651162790697,37.0,129.0,6.0
LowLight,0.8,restored,bus,0.34007750775077505,0.46215621562156217,0.028503562945368172,0.5714285714285714,0.8119220578400307,0.25,0.875,0.3333333333333333,0.48275862068965514,21.0,421.0,8.0
LowLight,0.8,restored,train,0.0561056105610561,0.1122112211221122,0.010869565217391304,0.3333333333333333,0.710564438144991,0.25,0.0,0.0,0.0,3.0,92.0,2.0
LowLight,0.8,restored,truck,0.1750757651036306,0.22460212449234265,0.020618556701030927,0.6086956521739131,0.764708812185278,0.25,0.23333333333333334,0.30434782608695654,0.26415094339622636,23.0,679.0,30.0
LowLight,0.6,distorted,person,0.18353384673738682,0.34307457367888344,0.06333589546502691,0.5762237762237762,0.7232052616710763,0.25,0.6477611940298508,0.3034965034965035,0.41333333333333333,715.0,6505.0,335.0
LowLight,0.6,distorted,bicycle,0.08690602354869971,0.16633515950213268,0.06506364922206506,0.33093525179856115,0.6943516074841738,0.25,0.6206896551724138,0.12949640287769784,0.2142857142857143,278.0,1414.0,58.0
LowLight,0.6,distorted,car,0.32839272388601326,0.5292589918807742,0.10135696482968706,0.6437994722955145,0.7665193163482958,0.25,0.8626373626373627,0.41424802110817943,0.5597147950089127,1137.0,7222.0,546.0
LowLight,0.6,distorted,motorcycle,0.05271704362308417,0.12881767583027115,0.07317073170731707,0.24324324324324326,0.7160187188990728,0.25,0.75,0.08108108108108109,0.14634146341463414,37.0,123.0,4.0
LowLight,0.6,distorted,bus,0.34899950079041514,0.44840114263527187,0.029411764705882353,0.5714285714285714,0.8206350598357939,0.25,0.875,0.3333333333333333,0.48275862068965514,21.0,408.0,8.0
LowLight,0.6,distorted,train,0.03927392739273927,0.1122112211221122,0.009523809523809525,0.3333333333333333,0.5668680772005713,0.25,0.0,0.0,0.0,3.0,105.0,1.0
LowLight,0.6,distorted,truck,0.17547457112994644,0.2202364380120023,0.0231023102310231,0.6086956521739131,0.766607013109513,0.25,0.23333333333333334,0.30434782608695654,0.26415094339622636,23.0,606.0,30.0
LowLight,0.6,restored,person,0.18819056589844702,0.3517031450425765,0.06423747447777603,0.5720279720279721,0.7255641885203149,0.25,0.6560693641618497,0.3174825174825175,0.4278982092365693,715.0,6367.0,346.0
LowLight,0.6,restored,bicycle,0.09788445896002533,0.19576050025675998,0.06505576208178439,0.3776978417266187,0.6794566968718404,0.25,0.6833333333333333,0.1474820143884892,0.242603550295858,278.0,1614.0,60.0
LowLight,0.6,restored,car,0.33513964641491945,0.5431855937674358,0.09847198641765705,0.6631486367634125,0.7601946681930998,0.25,0.8454861111111112,0.4283201407211961,0.5685931115002919,1137.0,7657.0,576.0
LowLight,0.6,restored,motorcycle,0.059175420068157826,0.14338364029244313,0.07518796992481203,0.2702702702702703,0.6837905777958121,0.25,0.8,0.10810810810810811,0.19047619047619047,37.0,133.0,5.0
LowLight,0.6,restored,bus,0.34836150098526336,0.4572166007809572,0.030226700251889168,0.5714285714285714,0.81500662218366,0.25,0.875,0.3333333333333333,0.48275862068965514,21.0,397.0,8.0
LowLight,0.6,restored,train,0.0561056105610561,0.1122112211221122,0.011494252873563218,0.3333333333333333,0.7076961650486455,0.25,0.0,0.0,0.0,3.0,87.0,2.0
LowLight,0.6,restored,truck,0.17804412386831941,0.23195776444537994,0.020378457059679767,0.6086956521739131,0.76524081045844,0.25,0.21875,0.30434782608695654,0.2545454545454546,23.0,687.0,32.0
LowLight,0.4,distorted,person,0.17483206881115226,0.328172967714835,0.06351503457147452,0.5524475524475524,0.7237459271488705,0.25,0.6655844155844156,0.2867132867132867,0.40078201368523947,715.0,6219.0,308.0
LowLight,0.4,distorted,bicycle,0.0798244910705215,0.1588173980125318,0.0644910644910645,0.29856115107913667,0.6888896953464634,0.25,0.6545454545454545,0.12949640287769784,0.21621621621621623,278.0,1287.0,55.0
LowLight,0.4,distorted,car,0.32229820007098015,0.5159650477604862,0.10144516860300368,0.6297273526824978,0.7676690447406244,0.25,0.8752436647173489,0.39489885664028146,0.5442424242424243,1137.0,7058.0,513.0
LowLight,0.4,distorted,motorcycle,0.054232625312306916,0.1440059286874157,0.08823529411764706,0.24324324324324326,0.6852840752679966,0.25,0.6,0.08108108108108109,0.14285714285714288,37.0,102.0,5.0
LowLight,0.4,distorted,bus,0.34033776002997573,0.4203807905257643,0.03234501347708895,0.5714285714285714,0.8282662358438818,0.25,0.7777777777777778,0.3333333333333333,0.4666666666666666,21.0,371.0,9.0
LowLight,0.4,distorted,train,0.033663366336633666,0.08415841584158416,0.00847457627118644,0.3333333333333333,0.6893095879022398,0.25,0.0,0.0,0.0,3.0,118.0,0.0
LowLight,0.4,distorted,truck,0.1706143879726095,0.21679252949644645,0.02480916030534351,0.5652173913043478,0.7781915107455215,0.25,0.25,0.30434782608695654,0.27450980392156865,23.0,524.0,28.0
LowLight,0.4,restored,person,0.18686401701200972,0.34783656808837604,0.06479447756510825,0.5776223776223777,0.7226096323426343,0.25,0.6457142857142857,0.31608391608391606,0.4244131455399061,715.0,6374.0,350.0
LowLight,0.4,restored,bicycle,0.09800695195269847,0.19207644556661066,0.06524466750313676,0.37410071942446044,0.685781200963732,0.25,0.6507936507936508,0.1474820143884892,0.2404692082111437,278.0,1594.0,63.0
LowLight,0.4,restored,car,0.3357450039448969,0.5364080565439504,0.09602478058853897,0.6543535620052771,0.7645228200405797,0.25,0.8359240069084629,0.4256816182937555,0.5641025641025641,1137.0,7748.0,579.0
LowLight,0.4,restored,motorcycle,0.055472284615229385,0.1345523952640062,0.06428571428571428,0.24324324324324326,0.7132872402853166,0.25,0.8,0.10810810810810811,0.19047619047619047,37.0,140.0,5.0
LowLight,0.4,restored,bus,0.327789877425099,0.40281314001172747,0.034574468085106384,0.6190476190476191,0.8017012024274917,0.25,0.875,0.3333333333333333,0.48275862068965514,21.0,376.0,8.0
LowLight,0.4,restored,train,0.04488448844884488,0.1122112211221122,0.011494252873563218,0.3333333333333333,0.6961902076887164,0.25,0.0,0.0,0.0,3.0,87.0,2.0
LowLight,0.4,restored,truck,0.1878341365226856,0.24058481892816078,0.02064896755162242,0.6086956521739131,0.7632886113239759,0.25,0.20689655172413793,0.2608695652173913,0.23076923076923075,23.0,678.0,29.0
LowLight,0.25,distorted,person,0.1541161760645118,0.29395205647725886,0.06143572621035059,0.5146853146853146,0.719327101847401,0.25,0.6690909090909091,0.2573426573426573,0.3717171717171717,715.0,5990.0,275.0
LowLight,0.25,distorted,bicycle,0.07340419405429735,0.1403941686428912,0.0627177700348432,0.2589928057553957,0.6882630192104977,0.25,0.5853658536585366,0.08633093525179857,0.15047021943573669,278.0,1148.0,41.0
LowLight,0.25,distorted,car,0.3105141371984168,0.5010729937197631,0.1012093291102793,0.6182937554969217,0.763583900446303,0.25,0.895397489539749,0.376429199648197,0.530030959752322,1137.0,6946.0,478.0
LowLight,0.25,distorted,motorcycle,0.041853171031388844,0.11746817538896746,0.125,0.21621621621621623,0.6777119417053488,0.25,0.6,0.08108108108108109,0.14285714285714288,37.0,64.0,5.0
LowLight,0.25,distorted,bus,0.2717635245173195,0.33900845556935666,0.03313253012048193,0.5238095238095238,0.8477865184488663,0.25,0.5555555555555556,0.23809523809523808,0.33333333333333326,21.0,332.0,9.0
LowLight,0.25,distorted,train,0.03366336633663366,0.1122112211221122,0.007194244604316547,0.3333333333333333,0.609927893943764,0.25,0.0,0.0,0.0,3.0,139.0,1.0
LowLight,0.25,distorted,truck,0.16231000467049156,0.211128043402536,0.024774774774774775,0.4782608695652174,0.8274708589596542,0.25,0.23076923076923078,0.2608695652173913,0.24489795918367346,23.0,444.0,26.0
LowLight,0.25,restored,person,0.18328549055956564,0.3478313060841865,0.06391912908242613,0.5748251748251748,0.7239625067573239,0.25,0.6646884272997032,0.3132867132867133,0.4258555133079848,715.0,6430.0,337.0
LowLight,0.25,restored,bicycle,0.09719140832762116,0.1897123763850789,0.06174334140435835,0.3669064748201439,0.6882735324037232,0.25,0.6885245901639344,0.1510791366906475,0.247787610619469,278.0,1652.0,61.0
LowLight,0.25,restored,car,0.3337519269499609,0.5306085407080179,0.09375,0.6490765171503958,0.7669283178909982,0.25,0.8475177304964538,0.4204045734388742,0.5620223398001176,1137.0,7872.0,564.0
LowLight,0.25,restored,motorcycle,0.05633273859598844,0.13553355335533554,0.06766917293233082,0.24324324324324326,0.6795276978928063,0.25,0.8,0.10810810810810811,0.19047619047619047,37.0,133.0,5.0
LowLight,0.25,restored,bus,0.3297881881886003,0.40680813505777325,0.03412073490813648,0.6190476190476191,0.7997460108028621,0.25,1.0,0.3333333333333333,0.5,21.0,381.0,7.0
LowLight,0.25,restored,train,0.0561056105610561,0.1122112211221122,0.010869565217391304,0.3333333333333333,0.7009687074929424,0.25,0.0,0.0,0.0,3.0,92.0,2.0
LowLight,0.25,restored,truck,0.19087376504980225,0.24060366594416854,0.021244309559939303,0.6086956521739131,0.7659262921845914,0.25,0.1935483870967742,0.2608695652173913,0.2222222222222222,23.0,659.0,31.0
LowLight,0.1,distorted,person,0.10325045975566301,0.20664194146335368,0.056882591093117406,0.393006993006993,0.700728597092132,0.25,0.7083333333333334,0.14265734265734265,0.23748544819557624,715.0,4940.0,144.0
LowLight,0.1,distorted,bicycle,0.0413483954805353,0.07225652548034119,0.06375838926174497,0.1366906474820144,0.6951266016541625,0.25,0.9230769230769231,0.04316546762589928,0.08247422680412372,278.0,596.0,13.0
LowLight,0.1,distorted,car,0.24135972580299486,0.3958643705526994,0.08937975424224692,0.5373790677220757,0.7505047291047772,0.25,0.9222972972972973,0.24010554089709762,0.38101884159106764,1137.0,6836.0,296.0
LowLight,0.1,distorted,motorcycle,0.004255378545373334,0.014144271570014142,0.03278688524590164,0.05405405405405406,0.5776441722059412,0.25,0.0,0.0,0.0,37.0,61.0,1.0
LowLight,0.1,distorted,bus,0.17419706857781453,0.22652794192282763,0.05263157894736842,0.47619047619047616,0.8065137134413194,0.25,0.5555555555555556,0.23809523809523808,0.33333333333333326,21.0,190.0,9.0
LowLight,0.1,distorted,train,0.016831683168316833,0.16831683168316833,0.0044444444444444444,0.3333333333333333,0.547037771555446,0.25,0.0,0.0,0.0,3.0,225.0,1.0
LowLight,0.1,distorted,truck,0.08685501951868142,0.11946445259582544,0.04,0.30434782608695654,0.8110365134025633,0.25,0.3333333333333333,0.08695652173913043,0.13793103448275862,23.0,175.0,6.0
LowLight,0.1,restored,person,0.1719119366537437,0.32864824581520663,0.05970822680102271,0.5552447552447553,0.7198330878008278,0.25,0.667741935483871,0.2895104895104895,0.4039024390243902,715.0,6649.0,310.0
LowLight,0.1,restored,bicycle,0.09034844136195094,0.18448422005645426,0.056615017878426696,0.34172661870503596,0.6893606499036733,0.25,0.6307692307692307,0.1474820143884892,0.23906705539358603,278.0,1678.0,65.0
LowLight,0.1,restored,car,0.33036302568298165,0.5284065186445932,0.09158878504672897,0.6464379947229552,0.76584053204528,0.25,0.8603773584905661,0.40105540897097625,0.5470905818836231,1137.0,8025.0,530.0
LowLight,0.1,restored,motorcycle,0.05566323314786954,0.13369050432894747,0.0761904761904762,0.21621621621621623,0.6757407832145892,0.25,1.0,0.08108108108108109,0.15,37.0,105.0,3.0
LowLight,0.1,restored,bus,0.3026802149255424,0.36238783053106516,0.029411764705882353,0.5714285714285714,0.8113493125710903,0.25,0.8571428571428571,0.2857142857142857,0.42857142857142855,21.0,408.0,7.0
LowLight,0.1,restored,train,0.033663366336633666,0.08415841584158416,0.008064516129032258,0.3333333333333333,0.6909653868311584,0.25,0.0,0.0,0.0,3.0,124.0,3.0
LowLight,0.1,restored,truck,0.16733627395744002,0.22072466243200847,0.01951951951951952,0.5652173913043478,0.7609195011578512,0.25,0.2413793103448276,0.30434782608695654,0.2692307692307692,23.0,666.0,29.0
MotionBlur,3.0,distorted,person,0.18890256026562052,0.3517101134939486,0.06333853354134165,0.5678321678321678,0.7291753824076987,0.25,0.6561604584527221,0.3202797202797203,0.43045112781954886,715.0,6410.0,349.0
MotionBlur,3.0,distorted,bicycle,0.09162874441078402,0.17230309202508068,0.06742370475514549,0.34172661870503596,0.6909592163902878,0.25,0.660377358490566,0.12589928057553956,0.21148036253776434,278.0,1409.0,53.0
MotionBlur,3.0,distorted,car,0.3271866553726162,0.529028877437886,0.09518274570579878,0.6481970096745823,0.7630418618500729,0.25,0.8422876949740035,0.42744063324538256,0.5670945157526254,1137.0,7743.0,577.0
MotionBlur,3.0,distorted,motorcycle,0.048960208520852075,0.12073019801980198,0.06474820143884892,0.24324324324324326,0.6863012186523724,0.25,0.6666666666666666,0.10810810810810811,0.18604651162790697,37.0,139.0,6.0
MotionBlur,3.0,distorted,bus,0.33219398963884395,0.4398290841078111,0.025806451612903226,0.5714285714285714,0.8137205872655754,0.25,0.875,0.3333333333333333,0.48275862068965514,21.0,465.0,8.0
MotionBlur,3.0,distorted,train,0.04328147100424328,0.16831683168316833,0.011363636363636364,0.3333333333333333,0.5784338861311857,0.25,0.0,0.0,0.0,3.0,88.0,1.0
MotionBlur,3.0,distorted,truck,0.1702772349857625,0.21874246862761018,0.020086083213773313,0.6086956521739131,0.7647929811715878,0.25,0.25,0.34782608695652173,0.2909090909090909,23.0,697.0,32.0
MotionBlur,3.0,restored,person,0.18852144696320014,0.3502718068081739,0.06293490026287304,0.5692307692307692,0.7268362394472458,0.25,0.647887323943662,0.32167832167832167,0.42990654205607476,715.0,6467.0,355.0
MotionBlur,3.0,restored,bicycle,0.09204443135480926,0.17629724724743773,0.06857942617214835,0.35251798561151076,0.6860326448533192,0.25,0.6727272727272727,0.13309352517985612,0.22222222222222227,278.0,1429.0,55.0
MotionBlur,3.0,restored,car,0.32788288939545396,0.5308096369225553,0.09599582626842311,0.6473175021987687,0.7632885155157917,0.25,0.8479020979020979,0.42656112576956906,0.5675833820947923,1137.0,7667.0,572.0
MotionBlur,3.0,restored,motorcycle,0.04970016788652905,0.12275323686214777,0.06293706293706294,0.24324324324324326,0.6597127122819728,0.25,0.8,0.10810810810810811,0.19047619047619047,37.0,143.0,5.0
MotionBlur,3.0,restored,bus,0.3380373965069463,0.44073078691516954,0.026030368763557483,0.5714285714285714,0.8156272008580144,0.25,0.875,0.3333333333333333,0.48275862068965514,21.0,461.0,8.0
MotionBlur,3.0,restored,train,0.04328147100424328,0.16831683168316833,0.011111111111111112,0.3333333333333333,0.5938558321472469,0.25,0.0,0.0,0.0,3.0,90.0,1.0
MotionBlur,3.0,restored,truck,0.17108910887906947,0.2231680673909965,0.02040816326530612,0.6086956521739131,0.7646630899072846,0.25,0.25806451612903225,0.34782608695652173,0.2962962962962963,23.0,686.0,31.0
MotionBlur,5.0,distorted,person,0.18801430063774058,0.34753636636478125,0.06377510040160643,0.5552447552447553,0.7298981719888108,0.25,0.6627218934911243,0.3132867132867133,0.42545109211775883,715.0,6225.0,338.0
MotionBlur,5.0,distorted,bicycle,0.09168853626414071,0.17735176467149955,0.06909361069836553,0.3345323741007194,0.6832592280487195,0.25,0.673469387755102,0.11870503597122302,0.20183486238532108,278.0,1346.0,49.0
MotionBlur,5.0,distorted,car,0.32582539983307096,0.5318677300202151,0.09351337708228168,0.6517150395778364,0.7584121081823811,0.25,0.841025641025641,0.43271767810026385,0.5714285714285715,1137.0,7924.0,585.0
MotionBlur,5.0,distorted,motorcycle,0.04666144941991892,0.11120375195414278,0.041379310344827586,0.16216216216216217,0.6625240666905426,0.25,0.8,0.10810810810810811,0.19047619047619047,37.0,145.0,5.0
MotionBlur,5.0,distorted,bus,0.3145438063988405,0.3902226173602459,0.02666666666666667,0.5714285714285714,0.8165072085339212,0.25,0.8571428571428571,0.2857142857142857,0.42857142857142855,21.0,450.0,7.0
MotionBlur,5.0,distorted,train,0.05891089108910891,0.16831683168316833,0.013157894736842105,0.3333333333333333,0.5663262937607574,0.25,0.0,0.0,0.0,3.0,76.0,1.0
MotionBlur,5.0,distorted,truck,0.17105999382329726,0.21699748271529498,0.02108433734939759,0.6086956521739131,0.7646738643191887,0.25,0.22580645161290322,0.30434782608695654,0.25925925925925924,23.0,664.0,31.0
MotionBlur,5.0,restored,person,0.188295002219074,0.34957339240206114,0.06341005166744951,0.5664335664335665,0.7276245722208979,0.25,0.6550724637681159,0.31608391608391606,0.4264150943396226,715.0,6387.0,345.0
MotionBlur,5.0,restored,bicycle,0.09356645423336568,0.17889775973971134,0.06776034236804565,0.34172661870503596,0.6944752420820446,0.25,0.6607142857142857,0.13309352517985612,0.2215568862275449,278.0,1402.0,56.0
MotionBlur,5.0,restored,car,0.3286686473213597,0.5374358191704871,0.09625530819714323,0.6578715919085312,0.7577292886883364,0.25,0.8436426116838488,0.4318381706244503,0.5712623618382782,1137.0,7771.0,582.0
MotionBlur,5.0,restored,motorcycle,0.04757895015752665,0.1135512183229267,0.047619047619047616,0.1891891891891892,0.6682592508436456,0.25,0.8,0.10810810810810811,0.19047619047619047,37.0,147.0,5.0
MotionBlur,5.0,restored,bus,0.3278475536799329,0.4150666109116433,0.026785714285714284,0.5714285714285714,0.8313608080584602,0.25,0.8571428571428571,0.2857142857142857,0.42857142857142855,21.0,448.0,7.0
MotionBlur,5.0,restored,train,0.04712871287128713,0.16831683168316833,0.012048192771084338,0.3333333333333333,0.5774585645394529,0.25,0.0,0.0,0.0,3.0,83.0,1.0
MotionBlur,5.0,restored,truck,0.1741504762817101,0.22630357075985616,0.021116138763197588,0.6086956521739131,0.761787496819843,0.25,0.23333333333333334,0.30434782608695654,0.26415094339622636,23.0,663.0,30.0
MotionBlur,9.0,distorted,person,0.16978526131214206,0.3192483078873489,0.06683480453972257,0.5188811188811189,0.7181688925564138,0.25,0.6777408637873754,0.2853146853146853,0.40157480314960625,715.0,5551.0,301.0
MotionBlur,9.0,distorted,bicycle,0.0751752704698099,0.15112131775003448,0.07526881720430108,0.302158273381295,0.6955338060229133,0.25,0.7222222222222222,0.09352517985611511,0.1656050955414013,278.0,1116.0,36.0
MotionBlur,9.0,distorted,car,0.3101292795434015,0.5033770722240126,0.08093668296010004,0.6262093227792436,0.7620347691210524,0.25,0.7989949748743719,0.41952506596306066,0.5501730103806228,1137.0,8797.0,597.0
MotionBlur,9.0,distorted,motorcycle,0.034485822097132926,0.10935093509350935,0.030927835051546393,0.16216216216216217,0.6494478258464836,0.25,0.5714285714285714,0.10810810810810811,0.18181818181818182,37.0,194.0,7.0
MotionBlur,9.0,distorted,bus,0.2936379921877067,0.38408756546939926,0.028639618138424822,0.5714285714285714,0.831554884635394,0.25,0.8333333333333334,0.23809523809523808,0.37037037037037035,21.0,419.0,6.0
MotionBlur,9.0,distorted,train,0.02524752475247525,0.08415841584158416,0.009900990099009901,0.3333333333333333,0.6017380956742244,0.25,0.0,0.0,0.0,3.0,101.0,1.0
MotionBlur,9.0,distorted,truck,0.15735553736904265,0.19941229461615553,0.020030816640986132,0.5652173913043478,0.7871174150328427,0.25,0.24,0.2608695652173913,0.24999999999999994,23.0,649.0,25.0
MotionBlur,9.0,restored,person,0.18310856121373761,0.33938169262786305,0.06538591169531513,0.5426573426573427,0.7271858456042171,0.25,0.6811145510835913,0.3076923076923077,0.42389210019267826,715.0,5934.0,323.0
MotionBlur,9.0,restored,bicycle,0.08639306828367818,0.16645318489167246,0.06475903614457831,0.30935251798561153,0.6926976804845981,0.25,0.6888888888888889,0.11151079136690648,0.19195046439628485,278.0,1328.0,45.0
MotionBlur,9.0,restored,car,0.32096978615172966,0.5283668853739908,0.09116773874319643,0.6481970096745823,0.7593116723554199,0.25,0.8333333333333334,0.42656112576956906,0.564281559045957,1137.0,8084.0,582.0
MotionBlur,9.0,restored,motorcycle,0.04786572033552705,0.10981870751771157,0.041666666666666664,0.16216216216216217,0.7117888782191203,0.25,0.6666666666666666,0.10810810810810811,0.18604651162790697,37.0,144.0,6.0
MotionBlur,9.0,restored,bus,0.33216955726130976,0.4297524332369846,0.03211009174311927,0.6666666666666666,0.80585422232176,0.25,0.875,0.3333333333333333,0.48275862068965514,21.0,436.0,8.0
MotionBlur,9.0,restored,train,0.042640264026402634,0.1122112211221122,0.012658227848101266,0.3333333333333333,0.5550913411157237,0.25,0.0,0.0,0.0,3.0,79.0,1.0
MotionBlur,9.0,restored,truck,0.16286061935336602,0.2096651978945455,0.02190923317683881,0.6086956521739131,0.7805068472417817,0.25,0.21875,0.30434782608695654,0.2545454545454546,23.0,639.0,32.0
MotionBlur,15.0,distorted,person,0.13733616377966662,0.2533656771555021,0.056807599180480534,0.42657342657342656,0.7214203296899284,0.25,0.665158371040724,0.2055944055944056,0.3141025641025641,715.0,5369.0,221.0
MotionBlur,15.0,distorted,bicycle,0.06107626771084117,0.11876175586043528,0.06325581395348837,0.2446043165467626,0.6940761626784899,0.25,0.85,0.06115107913669065,0.11409395973154364,278.0,1075.0,20.0
MotionBlur,15.0,distorted,car,0.26954494641662746,0.4511907611963006,0.07228915662650602,0.5857519788918206,0.7493007368227701,0.25,0.7843137254901961,0.3518029903254178,0.48573163327261687,1137.0,9213.0,510.0
MotionBlur,15.0,distorted,motorcycle,0.04225521916910999,0.11841334812598407,0.02735562310030395,0.24324324324324326,0.6806947360548041,0.25,0.8,0.10810810810810811,0.19047619047619047,37.0,329.0,5.0
MotionBlur,15.0,distorted,bus,0.25378310835027074,0.3187387077518025,0.024336283185840708,0.5238095238095238,0.8170286525614903,0.25,0.6666666666666666,0.2857142857142857,0.4,21.0,452.0,9.0
MotionBlur,15.0,distorted,train,0.01749174917491749,0.16831683168316833,0.007246376811594203,0.3333333333333333,0.543798965710154,0.25,0.0,0.0,0.0,3.0,138.0,1.0
MotionBlur,15.0,distorted,truck,0.1283459251515426,0.18657915220436475,0.026,0.5652173913043478,0.7345448495646845,0.25,0.2777777777777778,0.21739130434782608,0.24390243902439024,23.0,500.0,18.0
MotionBlur,15.0,restored,person,0.16750863300641866,0.3168309522031167,0.0670926517571885,0.5286713286713287,0.7155475407768507,0.25,0.6677631578947368,0.2839160839160839,0.39842983316977426,715.0,5634.0,304.0
MotionBlur,15.0,restored,bicycle,0.07679140791459557,0.14812296581532608,0.06521739130434782,0.302158273381295,0.6877078592195479,0.25,0.6944444444444444,0.08992805755395683,0.1592356687898089,278.0,1288.0,36.0
MotionBlur,15.0,restored,car,0.30703781080279763,0.5054252075107561,0.08325645756457564,0.635004397537379,0.7565865180546472,0.25,0.7982758620689655,0.4072119613016711,0.5393127548048923,1137.0,8672.0,580.0
MotionBlur,15.0,restored,motorcycle,0.04130218149753298,0.11840376417378673,0.043478260869565216,0.1891891891891892,0.6448304340122384,0.25,0.8,0.10810810810810811,0.19047619047619047,37.0,161.0,5.0
MotionBlur,15.0,restored,bus,0.3462137038998669,0.4507072850095101,0.02968036529680365,0.6190476190476191,0.816837864693182,0.25,0.8,0.38095238095238093,0.5161290322580645,21.0,438.0,10.0
MotionBlur,15.0,restored,train,0.0201980198019802,0.06732673267326733,0.011627906976744186,0.3333333333333333,0.636502530665901,0.25,0.0,0.0,0.0,3.0,86.0,1.0
MotionBlur,15.0,restored,truck,0.14580574226952087,0.1792146149378531,0.019801980198019802,0.5217391304347826,0.8054829931020439,0.25,0.20689655172413793,0.2608695652173913,0.23076923076923075,23.0,606.0,29.0
MotionBlur,25.0,distorted,person,0.09049470778290228,0.1853319164122882,0.043272481406355645,0.35804195804195804,0.6952230523631882,0.25,0.6842105263157895,0.14545454545454545,0.23990772779700117,715.0,5916.0,152.0
MotionBlur,25.0,distorted,bicycle,0.0355790113193057,0.07756315479484233,0.0564042303172738,0.17266187050359713,0.6760134833747843,0.25,0.8125,0.046762589928057555,0.08843537414965986,278.0,851.0,16.0
MotionBlur,25.0,distorted,car,0.2118102721974791,0.369483870264634,0.07168109228331099,0.5171503957783641,0.7319673039779633,0.25,0.847887323943662,0.2647317502198769,0.403485254691689,1137.0,8203.0,355.0
MotionBlur,25.0,distorted,motorcycle,0.04239967010848013,0.10735157602523795,0.013227513227513227,0.2702702702702703,0.6614781387076267,0.25,0.5,0.05405405405405406,0.0975609756097561,37.0,756.0,4.0
MotionBlur,25.0,distorted,bus,0.19862980828611998,0.25218954572953534,0.022181146025878003,0.5714285714285714,0.821668505516549,0.25,0.4,0.19047619047619047,0.25806451612903225,21.0,541.0,10.0
MotionBlur,25.0,distorted,train,0.008415841584158416,0.08415841584158416,0.0031746031746031746,0.3333333333333333,0.508074041323675,0.25,0.0,0.0,0.0,3.0,315.0,3.0
MotionBlur,25.0,distorted,truck,0.03363114167113646,0.06560217184240114,0.027450980392156862,0.30434782608695654,0.7774349908416165,0.25,0.3,0.13043478260869565,0.18181818181818182,23.0,255.0,10.0
MotionBlur,25.0,restored,person,0.11579745501138476,0.2258766436064966,0.05138547877937566,0.4097902097902098,0.7071796381471803,0.25,0.6931216931216931,0.18321678321678322,0.28982300884955753,715.0,5702.0,189.0
MotionBlur,25.0,restored,bicycle,0.047403046232651805,0.09937216460568199,0.05102040816326531,0.19784172661870503,0.6675830647835119,0.25,0.7272727272727273,0.05755395683453238,0.10666666666666667,278.0,1078.0,22.0
MotionBlur,25.0,restored,car,0.23995575132364713,0.40003184888832977,0.06708436858593497,0.5461741424802111,0.7478659437317874,0.25,0.7935779816513762,0.3043095866314864,0.4399237126509854,1137.0,9257.0,436.0
MotionBlur,25.0,restored,motorcycle,0.040585066228643434,0.09607744609047371,0.024456521739130436,0.24324324324324326,0.6949658896918621,0.25,0.5714285714285714,0.10810810810810811,0.18181818181818182,37.0,368.0,7.0
MotionBlur,25.0,restored,bus,0.2988708631704312,0.3801343181823085,0.019120458891013385,0.47619047619047616,0.8734001354068603,0.25,0.6363636363636364,0.3333333333333333,0.43749999999999994,21.0,523.0,11.0
MotionBlur,25.0,restored,train,0.016831683168316833,0.16831683168316833,0.005714285714285714,0.3333333333333333,0.5073815050057621,0.25,0.25,0.3333333333333333,0.28571428571428575,3.0,175.0,4.0
MotionBlur,25.0,restored,truck,0.06205966659787918,0.10142237877183502,0.023923444976076555,0.43478260869565216,0.7554156028697933,0.25,0.2631578947368421,0.21739130434782608,0.23809523809523808,23.0,418.0,19.0
